ticker,name,period_years,horizon_days,target_price,target1,target2,stop_loss,add_consideration,reward_risk,atr,atr_pct,support20,support60,resistance20,judgement_status,add_condition,formula_target1,formula_target2,formula_stop,formula_add,confidence_score,confidence_grade,warning
000660.KS,SK하이닉스,1,10,1620839.3801750166,1620839.3801750166,1726572.509743126,1340253.1732061077,1410420.5836708394,0.7564430705777043,173804.24801801075,0.11586949867867384,1246000.0,1246000.0,2006000.0,판단 보류,해당 가격에서 모델의 상승 기대값이 유지되는 경우에만 검토,"median(q50, q75, 20일 저항) 및 최소 현재가+0.5×ATR","max(1차 목표가, q90)","min(현재가-0.5×ATR, max(q10, 60일 지지, 현재가-2.5×ATR))","min(현재가-0.25×ATR, max(q25, 20일 지지, 현재가-1.25×ATR))",39.0,사용 주의,확률적 추정이며 투자수익을 보장하지 않습니다.
000660.KS,SK하이닉스,1,30,2661571.776349173,2661571.776349173,2811784.553799812,1413097.8759909947,1456548.9379954974,13.366437122167516,173804.24801801075,0.11586949867867384,1246000.0,1246000.0,2006000.0,판단 보류,해당 가격에서 모델의 상승 기대값이 유지되는 경우에만 검토,"median(q50, q75, 20일 저항) 및 최소 현재가+0.5×ATR","max(1차 목표가, q90)","min(현재가-0.5×ATR, max(q10, 60일 지지, 현재가-2.5×ATR))","min(현재가-0.25×ATR, max(q25, 20일 지지, 현재가-1.25×ATR))",39.0,사용 주의,확률적 추정이며 투자수익을 보장하지 않습니다.
000660.KS,SK하이닉스,1,60,2823404.330946851,2823404.330946851,3646399.2342790347,1413097.8759909947,1456548.9379954974,15.22867646836472,173804.24801801075,0.11586949867867384,1246000.0,1246000.0,2006000.0,판단 보류,해당 가격에서 모델의 상승 기대값이 유지되는 경우에만 검토,"median(q50, q75, 20일 저항) 및 최소 현재가+0.5×ATR","max(1차 목표가, q90)","min(현재가-0.5×ATR, max(q10, 60일 지지, 현재가-2.5×ATR))","min(현재가-0.25×ATR, max(q25, 20일 지지, 현재가-1.25×ATR))",39.0,사용 주의,확률적 추정이며 투자수익을 보장하지 않습니다.
000660.KS,SK하이닉스,3,10,1586902.1240090053,1586902.1240090053,1702242.738317768,1253588.2076943892,1343802.899029432,0.35267031336400245,173804.24801801075,0.11586949867867384,1246000.0,1246000.0,2006000.0,판단 보류,해당 가격에서 모델의 상승 기대값이 유지되는 경우에만 검토,"median(q50, q75, 20일 저항) 및 최소 현재가+0.5×ATR","max(1차 목표가, q90)","min(현재가-0.5×ATR, max(q10, 60일 지지, 현재가-2.5×ATR))","min(현재가-0.25×ATR, max(q25, 20일 지지, 현재가-1.25×ATR))",39.0,사용 주의,확률적 추정이며 투자수익을 보장하지 않습니다.
000660.KS,SK하이닉스,3,30,2090175.5782858576,2090175.5782858576,2926013.357803758,1413097.8759909947,1456548.9379954974,6.791267590015411,173804.24801801075,0.11586949867867384,1246000.0,1246000.0,2006000.0,판단 보류,해당 가격에서 모델의 상승 기대값이 유지되는 경우에만 검토,"median(q50, q75, 20일 저항) 및 최소 현재가+0.5×ATR","max(1차 목표가, q90)","min(현재가-0.5×ATR, max(q10, 60일 지지, 현재가-2.5×ATR))","min(현재가-0.25×ATR, max(q25, 20일 지지, 현재가-1.25×ATR))",39.0,사용 주의,확률적 추정이며 투자수익을 보장하지 않습니다.
000660.KS,SK하이닉스,3,60,2750017.2464775788,2750017.2464775788,3786477.3836260764,1413097.8759909947,1456548.9379954974,14.384196712476733,173804.24801801075,0.11586949867867384,1246000.0,1246000.0,2006000.0,판단 보류,해당 가격에서 모델의 상승 기대값이 유지되는 경우에만 검토,"median(q50, q75, 20일 저항) 및 최소 현재가+0.5×ATR","max(1차 목표가, q90)","min(현재가-0.5×ATR, max(q10, 60일 지지, 현재가-2.5×ATR))","min(현재가-0.25×ATR, max(q25, 20일 지지, 현재가-1.25×ATR))",39.0,사용 주의,확률적 추정이며 투자수익을 보장하지 않습니다.
000660.KS,SK하이닉스,5,10,1596215.7735416386,1596215.7735416386,1805625.4582802039,1246000.0,1393622.8794642263,0.37880225803794737,173804.24801801075,0.11586949867867384,1246000.0,1246000.0,2006000.0,판단 보류,해당 가격에서 모델의 상승 기대값이 유지되는 경우에만 검토,"median(q50, q75, 20일 저항) 및 최소 현재가+0.5×ATR","max(1차 목표가, q90)","min(현재가-0.5×ATR, max(q10, 60일 지지, 현재가-2.5×ATR))","min(현재가-0.25×ATR, max(q25, 20일 지지, 현재가-1.25×ATR))",39.0,사용 주의,확률적 추정이며 투자수익을 보장하지 않습니다.
000660.KS,SK하이닉스,5,30,2060269.9999951862,2060269.9999951862,2993213.7231629114,1413097.8759909947,1456548.9379954974,6.44713816128508,173804.24801801075,0.11586949867867384,1246000.0,1246000.0,2006000.0,판단 보류,해당 가격에서 모델의 상승 기대값이 유지되는 경우에만 검토,"median(q50, q75, 20일 저항) 및 최소 현재가+0.5×ATR","max(1차 목표가, q90)","min(현재가-0.5×ATR, max(q10, 60일 지지, 현재가-2.5×ATR))","min(현재가-0.25×ATR, max(q25, 20일 지지, 현재가-1.25×ATR))",39.0,사용 주의,확률적 추정이며 투자수익을 보장하지 않습니다.
000660.KS,SK하이닉스,5,60,2753579.1864307593,2753579.1864307593,4009562.166404268,1413097.8759909947,1456548.9379954974,14.42518466293018,173804.24801801075,0.11586949867867384,1246000.0,1246000.0,2006000.0,판단 보류,해당 가격에서 모델의 상승 기대값이 유지되는 경우에만 검토,"median(q50, q75, 20일 저항) 및 최소 현재가+0.5×ATR","max(1차 목표가, q90)","min(현재가-0.5×ATR, max(q10, 60일 지지, 현재가-2.5×ATR))","min(현재가-0.25×ATR, max(q25, 20일 지지, 현재가-1.25×ATR))",39.0,사용 주의,확률적 추정이며 투자수익을 보장하지 않습니다.
000660.KS,SK하이닉스,10,10,1609388.1102339055,1609388.1102339055,1761344.0748887658,1246000.0,1376593.504522465,0.43066185131458856,173804.24801801075,0.11586949867867384,1246000.0,1246000.0,2006000.0,판단 보류,해당 가격에서 모델의 상승 기대값이 유지되는 경우에만 검토,"median(q50, q75, 20일 저항) 및 최소 현재가+0.5×ATR","max(1차 목표가, q90)","min(현재가-0.5×ATR, max(q10, 60일 지지, 현재가-2.5×ATR))","min(현재가-0.25×ATR, max(q25, 20일 지지, 현재가-1.25×ATR))",39.0,사용 주의,확률적 추정이며 투자수익을 보장하지 않습니다.
000660.KS,SK하이닉스,10,30,2546640.260917805,2546640.260917805,2904536.1931091878,1394347.4546818177,1456548.9379954974,9.906436780730195,173804.24801801075,0.11586949867867384,1246000.0,1246000.0,2006000.0,판단 보류,해당 가격에서 모델의 상승 기대값이 유지되는 경우에만 검토,"median(q50, q75, 20일 저항) 및 최소 현재가+0.5×ATR","max(1차 목표가, q90)","min(현재가-0.5×ATR, max(q10, 60일 지지, 현재가-2.5×ATR))","min(현재가-0.25×ATR, max(q25, 20일 지지, 현재가-1.25×ATR))",36.2,사용 주의,확률적 추정이며 투자수익을 보장하지 않습니다.
000660.KS,SK하이닉스,10,60,2330865.825634868,2330865.825634868,3514919.583056602,1413097.8759909947,1456548.9379954974,9.560938068081848,173804.24801801075,0.11586949867867384,1246000.0,1246000.0,2006000.0,판단 보류,해당 가격에서 모델의 상승 기대값이 유지되는 경우에만 검토,"median(q50, q75, 20일 저항) 및 최소 현재가+0.5×ATR","max(1차 목표가, q90)","min(현재가-0.5×ATR, max(q10, 60일 지지, 현재가-2.5×ATR))","min(현재가-0.25×ATR, max(q25, 20일 지지, 현재가-1.25×ATR))",39.0,사용 주의,확률적 추정이며 투자수익을 보장하지 않습니다.
000660.KS,SK하이닉스,15,10,1713250.895287739,1713250.895287739,1770766.7922485725,1253424.4179563602,1369301.9020652631,0.8648500128045817,173804.24801801075,0.11586949867867384,1246000.0,1246000.0,2006000.0,판단 보류,해당 가격에서 모델의 상승 기대값이 유지되는 경우에만 검토,"median(q50, q75, 20일 저항) 및 최소 현재가+0.5×ATR","max(1차 목표가, q90)","min(현재가-0.5×ATR, max(q10, 60일 지지, 현재가-2.5×ATR))","min(현재가-0.25×ATR, max(q25, 20일 지지, 현재가-1.25×ATR))",39.0,사용 주의,확률적 추정이며 투자수익을 보장하지 않습니다.
000660.KS,SK하이닉스,15,30,2033121.6996151041,2033121.6996151041,3062069.2145281453,1309169.131036836,1456548.9379954974,2.7936869045961963,173804.24801801075,0.11586949867867384,1246000.0,1246000.0,2006000.0,판단 보류,해당 가격에서 모델의 상승 기대값이 유지되는 경우에만 검토,"median(q50, q75, 20일 저항) 및 최소 현재가+0.5×ATR","max(1차 목표가, q90)","min(현재가-0.5×ATR, max(q10, 60일 지지, 현재가-2.5×ATR))","min(현재가-0.25×ATR, max(q25, 20일 지지, 현재가-1.25×ATR))",39.0,사용 주의,확률적 추정이며 투자수익을 보장하지 않습니다.
000660.KS,SK하이닉스,15,60,2168631.3553435802,2168631.3553435802,3515669.176028534,1413097.8759909947,1456548.9379954974,7.694073798176591,173804.24801801075,0.11586949867867384,1246000.0,1246000.0,2006000.0,판단 보류,해당 가격에서 모델의 상승 기대값이 유지되는 경우에만 검토,"median(q50, q75, 20일 저항) 및 최소 현재가+0.5×ATR","max(1차 목표가, q90)","min(현재가-0.5×ATR, max(q10, 60일 지지, 현재가-2.5×ATR))","min(현재가-0.25×ATR, max(q25, 20일 지지, 현재가-1.25×ATR))",39.0,사용 주의,확률적 추정이며 투자수익을 보장하지 않습니다.
005930.KS,삼성전자,1,10,288000.0,288000.0,309107.9922497385,236879.31559071332,242189.65779535667,3.8133135718247093,21241.368818573337,0.0858237123982761,189200.0,189200.0,288000.0,판단 보류,해당 가격에서 모델의 상승 기대값이 유지되는 경우에만 검토,"median(q50, q75, 20일 저항) 및 최소 현재가+0.5×ATR","max(1차 목표가, q90)","min(현재가-0.5×ATR, max(q10, 60일 지지, 현재가-2.5×ATR))","min(현재가-0.25×ATR, max(q25, 20일 지지, 현재가-1.25×ATR))",39.0,사용 주의,확률적 추정이며 투자수익을 보장하지 않습니다.
005930.KS,삼성전자,1,30,362713.09600773605,362713.09600773605,385577.17263393174,236879.31559071332,242189.65779535667,10.847991670573904,21241.368818573337,0.0858237123982761,189200.0,189200.0,288000.0,판단 보류,해당 가격에서 모델의 상승 기대값이 유지되는 경우에만 검토,"median(q50, q75, 20일 저항) 및 최소 현재가+0.5×ATR","max(1차 목표가, q90)","min(현재가-0.5×ATR, max(q10, 60일 지지, 현재가-2.5×ATR))","min(현재가-0.25×ATR, max(q25, 20일 지지, 현재가-1.25×ATR))",39.0,사용 주의,확률적 추정이며 투자수익을 보장하지 않습니다.
005930.KS,삼성전자,1,60,392849.99040012347,392849.99040012347,432012.71355610644,236879.31559071332,242189.65779535667,13.685557803885978,21241.368818573337,0.0858237123982761,189200.0,189200.0,288000.0,판단 보류,해당 가격에서 모델의 상승 기대값이 유지되는 경우에만 검토,"median(q50, q75, 20일 저항) 및 최소 현재가+0.5×ATR","max(1차 목표가, q90)","min(현재가-0.5×ATR, max(q10, 60일 지지, 현재가-2.5×ATR))","min(현재가-0.25×ATR, max(q25, 20일 지지, 현재가-1.25×ATR))",39.0,사용 주의,확률적 추정이며 투자수익을 보장하지 않습니다.
005930.KS,삼성전자,3,10,258120.68440928668,258120.68440928668,281179.05117229256,212711.37259983845,226631.29171583406,0.3052918497507999,21241.368818573337,0.0858237123982761,189200.0,189200.0,288000.0,판단 보류,해당 가격에서 모델의 상승 기대값이 유지되는 경우에만 검토,"median(q50, q75, 20일 저항) 및 최소 현재가+0.5×ATR","max(1차 목표가, q90)","min(현재가-0.5×ATR, max(q10, 60일 지지, 현재가-2.5×ATR))","min(현재가-0.25×ATR, max(q25, 20일 지지, 현재가-1.25×ATR))",39.0,사용 주의,확률적 추정이며 투자수익을 보장하지 않습니다.
005930.KS,삼성전자,3,30,288000.0,288000.0,300457.40279695595,223825.39607427255,223825.39607427255,1.7106938780077416,21241.368818573337,0.0858237123982761,189200.0,189200.0,288000.0,판단 보류,해당 가격에서 모델의 상승 기대값이 유지되는 경우에만 검토,"median(q50, q75, 20일 저항) 및 최소 현재가+0.5×ATR","max(1차 목표가, q90)","min(현재가-0.5×ATR, max(q10, 60일 지지, 현재가-2.5×ATR))","min(현재가-0.25×ATR, max(q25, 20일 지지, 현재가-1.25×ATR))",39.0,사용 주의,확률적 추정이며 투자수익을 보장하지 않습니다.
005930.KS,삼성전자,3,60,284804.7139421604,284804.7139421604,374506.439380454,233420.33042031407,242189.65779535667,2.6495447020989373,21241.368818573337,0.0858237123982761,189200.0,189200.0,288000.0,판단 보류,해당 가격에서 모델의 상승 기대값이 유지되는 경우에만 검토,"median(q50, q75, 20일 저항) 및 최소 현재가+0.5×ATR","max(1차 목표가, q90)","min(현재가-0.5×ATR, max(q10, 60일 지지, 현재가-2.5×ATR))","min(현재가-0.25×ATR, max(q25, 20일 지지, 현재가-1.25×ATR))",39.0,사용 주의,확률적 추정이며 투자수익을 보장하지 않습니다.
005930.KS,삼성전자,5,10,258120.68440928668,258120.68440928668,290447.31566087477,220272.90770518826,234897.38971523027,0.390077805381756,21241.368818573337,0.0858237123982761,189200.0,189200.0,288000.0,판단 보류,해당 가격에서 모델의 상승 기대값이 유지되는 경우에만 검토,"median(q50, q75, 20일 저항) 및 최소 현재가+0.5×ATR","max(1차 목표가, q90)","min(현재가-0.5×ATR, max(q10, 60일 지지, 현재가-2.5×ATR))","min(현재가-0.25×ATR, max(q25, 20일 지지, 현재가-1.25×ATR))",39.0,사용 주의,확률적 추정이며 투자수익을 보장하지 않습니다.
005930.KS,삼성전자,5,30,288000.0,288000.0,330072.08262508357,210623.42835699674,221976.69257664718,1.0982582760695496,21241.368818573337,0.0858237123982761,189200.0,189200.0,288000.0,판단 보류,해당 가격에서 모델의 상승 기대값이 유지되는 경우에만 검토,"median(q50, q75, 20일 저항) 및 최소 현재가+0.5×ATR","max(1차 목표가, q90)","min(현재가-0.5×ATR, max(q10, 60일 지지, 현재가-2.5×ATR))","min(현재가-0.25×ATR, max(q25, 20일 지지, 현재가-1.25×ATR))",39.0,사용 주의,확률적 추정이며 투자수익을 보장하지 않습니다.
005930.KS,삼성전자,5,60,288000.0,288000.0,369578.4755883613,222603.05072558008,242189.65779535667,1.6267053265683136,21241.368818573337,0.0858237123982761,189200.0,189200.0,288000.0,판단 보류,해당 가격에서 모델의 상승 기대값이 유지되는 경우에만 검토,"median(q50, q75, 20일 저항) 및 최소 현재가+0.5×ATR","max(1차 목표가, q90)","min(현재가-0.5×ATR, max(q10, 60일 지지, 현재가-2.5×ATR))","min(현재가-0.25×ATR, max(q25, 20일 지지, 현재가-1.25×ATR))",39.0,사용 주의,확률적 추정이며 투자수익을 보장하지 않습니다.
005930.KS,삼성전자,10,10,262207.0075299402,262207.0075299402,281143.62981956726,212320.8724051508,235080.05655862147,0.41806060966939856,21241.368818573337,0.0858237123982761,189200.0,189200.0,288000.0,판단 보류,해당 가격에서 모델의 상승 기대값이 유지되는 경우에만 검토,"median(q50, q75, 20일 저항) 및 최소 현재가+0.5×ATR","max(1차 목표가, q90)","min(현재가-0.5×ATR, max(q10, 60일 지지, 현재가-2.5×ATR))","min(현재가-0.25×ATR, max(q25, 20일 지지, 현재가-1.25×ATR))",39.0,사용 주의,확률적 추정이며 투자수익을 보장하지 않습니다.
005930.KS,삼성전자,10,30,258120.68440928668,258120.68440928668,258120.68440928668,194396.57795356665,220948.28897678334,0.2000000000000002,21241.368818573337,0.0858237123982761,189200.0,189200.0,288000.0,판단 보류,해당 가격에서 모델의 상승 기대값이 유지되는 경우에만 검토,"median(q50, q75, 20일 저항) 및 최소 현재가+0.5×ATR","max(1차 목표가, q90)","min(현재가-0.5×ATR, max(q10, 60일 지지, 현재가-2.5×ATR))","min(현재가-0.25×ATR, max(q25, 20일 지지, 현재가-1.25×ATR))",39.0,사용 주의,확률적 추정이며 투자수익을 보장하지 않습니다.
005930.KS,삼성전자,10,60,258120.68440928668,258120.68440928668,280650.51974638074,208407.21326995513,220948.28897678334,0.27167887729845885,21241.368818573337,0.0858237123982761,189200.0,189200.0,288000.0,판단 보류,해당 가격에서 모델의 상승 기대값이 유지되는 경우에만 검토,"median(q50, q75, 20일 저항) 및 최소 현재가+0.5×ATR","max(1차 목표가, q90)","min(현재가-0.5×ATR, max(q10, 60일 지지, 현재가-2.5×ATR))","min(현재가-0.25×ATR, max(q25, 20일 지지, 현재가-1.25×ATR))",39.0,사용 주의,확률적 추정이며 투자수익을 보장하지 않습니다.
005930.KS,삼성전자,15,10,268224.26020745485,268224.26020745485,297060.61996038473,217302.75718635484,235726.37317116943,0.6862964388950842,21241.368818573337,0.0858237123982761,189200.0,189200.0,288000.0,판단 보류,해당 가격에서 모델의 상승 기대값이 유지되는 경우에만 검토,"median(q50, q75, 20일 저항) 및 최소 현재가+0.5×ATR","max(1차 목표가, q90)","min(현재가-0.5×ATR, max(q10, 60일 지지, 현재가-2.5×ATR))","min(현재가-0.25×ATR, max(q25, 20일 지지, 현재가-1.25×ATR))",39.0,사용 주의,확률적 추정이며 투자수익을 보장하지 않습니다.
005930.KS,삼성전자,15,30,258120.68440928668,258120.68440928668,293380.8011587572,194396.57795356665,220948.28897678334,0.2000000000000002,21241.368818573337,0.0858237123982761,189200.0,189200.0,288000.0,판단 보류,해당 가격에서 모델의 상승 기대값이 유지되는 경우에만 검토,"median(q50, q75, 20일 저항) 및 최소 현재가+0.5×ATR","max(1차 목표가, q90)","min(현재가-0.5×ATR, max(q10, 60일 지지, 현재가-2.5×ATR))","min(현재가-0.25×ATR, max(q25, 20일 지지, 현재가-1.25×ATR))",39.0,사용 주의,확률적 추정이며 투자수익을 보장하지 않습니다.
005930.KS,삼성전자,15,60,258120.68440928668,258120.68440928668,271598.14719155105,215739.51428304208,230538.39901965242,0.3343993068599692,21241.368818573337,0.0858237123982761,189200.0,189200.0,288000.0,판단 보류,해당 가격에서 모델의 상승 기대값이 유지되는 경우에만 검토,"median(q50, q75, 20일 저항) 및 최소 현재가+0.5×ATR","max(1차 목표가, q90)","min(현재가-0.5×ATR, max(q10, 60일 지지, 현재가-2.5×ATR))","min(현재가-0.25×ATR, max(q25, 20일 지지, 현재가-1.25×ATR))",39.0,사용 주의,확률적 추정이며 투자수익을 보장하지 않습니다.
RAM,RAM,1,10,15.359999656677246,15.359999656677246,20.15156648183412,8.289999961853027,9.979058761958974,0.5538460216377166,2.3418620018534,0.18238800420741427,8.289999961853027,8.289999961853027,15.359999656677246,판단 보류,해당 가격에서 모델의 상승 기대값이 유지되는 경우에만 검토,"median(q50, q75, 20일 저항) 및 최소 현재가+0.5×ATR","max(1차 목표가, q90)","min(현재가-0.5×ATR, max(q10, 60일 지지, 현재가-2.5×ATR))","min(현재가-0.25×ATR, max(q25, 20일 지지, 현재가-1.25×ATR))",14.3,사용 주의,정상 검증 불가로 단기이력 기준선을 사용했습니다. 판단 보류가 우선입니다.
RAM,RAM,1,30,15.359999656677246,15.359999656677246,25.92011937046204,8.289999961853027,9.91267265027114,0.5538460216377166,2.3418620018534,0.18238800420741427,8.289999961853027,8.289999961853027,15.359999656677246,판단 보류,해당 가격에서 모델의 상승 기대값이 유지되는 경우에만 검토,"median(q50, q75, 20일 저항) 및 최소 현재가+0.5×ATR","max(1차 목표가, q90)","min(현재가-0.5×ATR, max(q10, 60일 지지, 현재가-2.5×ATR))","min(현재가-0.25×ATR, max(q25, 20일 지지, 현재가-1.25×ATR))",14.3,사용 주의,정상 검증 불가로 단기이력 기준선을 사용했습니다. 판단 보류가 우선입니다.
RAM,RAM,1,60,15.359999656677246,15.359999656677246,28.468202715196217,8.289999961853027,9.91267265027114,0.5538460216377166,2.3418620018534,0.18238800420741427,8.289999961853027,8.289999961853027,15.359999656677246,판단 보류,해당 가격에서 모델의 상승 기대값이 유지되는 경우에만 검토,"median(q50, q75, 20일 저항) 및 최소 현재가+0.5×ATR","max(1차 목표가, q90)","min(현재가-0.5×ATR, max(q10, 60일 지지, 현재가-2.5×ATR))","min(현재가-0.25×ATR, max(q25, 20일 지지, 현재가-1.25×ATR))",14.3,사용 주의,정상 검증 불가로 단기이력 기준선을 사용했습니다. 판단 보류가 우선입니다.
RAM,RAM,3,10,15.359999656677246,15.359999656677246,20.15171154652927,8.289999961853027,9.967522619146408,0.5538460216377166,2.3418620018534,0.18238800420741427,8.289999961853027,8.289999961853027,15.359999656677246,판단 보류,해당 가격에서 모델의 상승 기대값이 유지되는 경우에만 검토,"median(q50, q75, 20일 저항) 및 최소 현재가+0.5×ATR","max(1차 목표가, q90)","min(현재가-0.5×ATR, max(q10, 60일 지지, 현재가-2.5×ATR))","min(현재가-0.25×ATR, max(q25, 20일 지지, 현재가-1.25×ATR))",14.3,사용 주의,정상 검증 불가로 단기이력 기준선을 사용했습니다. 판단 보류가 우선입니다.
RAM,RAM,3,30,15.359999656677246,15.359999656677246,25.822239724183426,8.289999961853027,9.91267265027114,0.5538460216377166,2.3418620018534,0.18238800420741427,8.289999961853027,8.289999961853027,15.359999656677246,판단 보류,해당 가격에서 모델의 상승 기대값이 유지되는 경우에만 검토,"median(q50, q75, 20일 저항) 및 최소 현재가+0.5×ATR","max(1차 목표가, q90)","min(현재가-0.5×ATR, max(q10, 60일 지지, 현재가-2.5×ATR))","min(현재가-0.25×ATR, max(q25, 20일 지지, 현재가-1.25×ATR))",14.3,사용 주의,정상 검증 불가로 단기이력 기준선을 사용했습니다. 판단 보류가 우선입니다.
RAM,RAM,3,60,15.359999656677246,15.359999656677246,28.60741849690355,8.289999961853027,9.91267265027114,0.5538460216377166,2.3418620018534,0.18238800420741427,8.289999961853027,8.289999961853027,15.359999656677246,판단 보류,해당 가격에서 모델의 상승 기대값이 유지되는 경우에만 검토,"median(q50, q75, 20일 저항) 및 최소 현재가+0.5×ATR","max(1차 목표가, q90)","min(현재가-0.5×ATR, max(q10, 60일 지지, 현재가-2.5×ATR))","min(현재가-0.25×ATR, max(q25, 20일 지지, 현재가-1.25×ATR))",14.3,사용 주의,정상 검증 불가로 단기이력 기준선을 사용했습니다. 판단 보류가 우선입니다.
RAM,RAM,5,10,15.359999656677246,15.359999656677246,20.282297318440445,8.289999961853027,9.99233171258738,0.5538460216377166,2.3418620018534,0.18238800420741427,8.289999961853027,8.289999961853027,15.359999656677246,판단 보류,해당 가격에서 모델의 상승 기대값이 유지되는 경우에만 검토,"median(q50, q75, 20일 저항) 및 최소 현재가+0.5×ATR","max(1차 목표가, q90)","min(현재가-0.5×ATR, max(q10, 60일 지지, 현재가-2.5×ATR))","min(현재가-0.25×ATR, max(q25, 20일 지지, 현재가-1.25×ATR))",14.3,사용 주의,정상 검증 불가로 단기이력 기준선을 사용했습니다. 판단 보류가 우선입니다.
RAM,RAM,5,30,15.359999656677246,15.359999656677246,25.735294451327476,8.289999961853027,9.91267265027114,0.5538460216377166,2.3418620018534,0.18238800420741427,8.289999961853027,8.289999961853027,15.359999656677246,판단 보류,해당 가격에서 모델의 상승 기대값이 유지되는 경우에만 검토,"median(q50, q75, 20일 저항) 및 최소 현재가+0.5×ATR","max(1차 목표가, q90)","min(현재가-0.5×ATR, max(q10, 60일 지지, 현재가-2.5×ATR))","min(현재가-0.25×ATR, max(q25, 20일 지지, 현재가-1.25×ATR))",14.3,사용 주의,정상 검증 불가로 단기이력 기준선을 사용했습니다. 판단 보류가 우선입니다.
RAM,RAM,5,60,15.359999656677246,15.359999656677246,28.39934668072391,8.289999961853027,9.91267265027114,0.5538460216377166,2.3418620018534,0.18238800420741427,8.289999961853027,8.289999961853027,15.359999656677246,판단 보류,해당 가격에서 모델의 상승 기대값이 유지되는 경우에만 검토,"median(q50, q75, 20일 저항) 및 최소 현재가+0.5×ATR","max(1차 목표가, q90)","min(현재가-0.5×ATR, max(q10, 60일 지지, 현재가-2.5×ATR))","min(현재가-0.25×ATR, max(q25, 20일 지지, 현재가-1.25×ATR))",14.3,사용 주의,정상 검증 불가로 단기이력 기준선을 사용했습니다. 판단 보류가 우선입니다.
RAM,RAM,10,10,15.359999656677246,15.359999656677246,20.218847209756078,8.289999961853027,10.036903100118504,0.5538460216377166,2.3418620018534,0.18238800420741427,8.289999961853027,8.289999961853027,15.359999656677246,판단 보류,해당 가격에서 모델의 상승 기대값이 유지되는 경우에만 검토,"median(q50, q75, 20일 저항) 및 최소 현재가+0.5×ATR","max(1차 목표가, q90)","min(현재가-0.5×ATR, max(q10, 60일 지지, 현재가-2.5×ATR))","min(현재가-0.25×ATR, max(q25, 20일 지지, 현재가-1.25×ATR))",14.3,사용 주의,정상 검증 불가로 단기이력 기준선을 사용했습니다. 판단 보류가 우선입니다.
RAM,RAM,10,30,15.359999656677246,15.359999656677246,25.5166026664173,8.289999961853027,9.91267265027114,0.5538460216377166,2.3418620018534,0.18238800420741427,8.289999961853027,8.289999961853027,15.359999656677246,판단 보류,해당 가격에서 모델의 상승 기대값이 유지되는 경우에만 검토,"median(q50, q75, 20일 저항) 및 최소 현재가+0.5×ATR","max(1차 목표가, q90)","min(현재가-0.5×ATR, max(q10, 60일 지지, 현재가-2.5×ATR))","min(현재가-0.25×ATR, max(q25, 20일 지지, 현재가-1.25×ATR))",14.3,사용 주의,정상 검증 불가로 단기이력 기준선을 사용했습니다. 판단 보류가 우선입니다.
RAM,RAM,10,60,15.359999656677246,15.359999656677246,27.858932886898348,8.289999961853027,9.91267265027114,0.5538460216377166,2.3418620018534,0.18238800420741427,8.289999961853027,8.289999961853027,15.359999656677246,판단 보류,해당 가격에서 모델의 상승 기대값이 유지되는 경우에만 검토,"median(q50, q75, 20일 저항) 및 최소 현재가+0.5×ATR","max(1차 목표가, q90)","min(현재가-0.5×ATR, max(q10, 60일 지지, 현재가-2.5×ATR))","min(현재가-0.25×ATR, max(q25, 20일 지지, 현재가-1.25×ATR))",14.3,사용 주의,정상 검증 불가로 단기이력 기준선을 사용했습니다. 판단 보류가 우선입니다.
RAM,RAM,15,10,15.359999656677246,15.359999656677246,19.98603267708467,8.289999961853027,9.91520561488579,0.5538460216377166,2.3418620018534,0.18238800420741427,8.289999961853027,8.289999961853027,15.359999656677246,판단 보류,해당 가격에서 모델의 상승 기대값이 유지되는 경우에만 검토,"median(q50, q75, 20일 저항) 및 최소 현재가+0.5×ATR","max(1차 목표가, q90)","min(현재가-0.5×ATR, max(q10, 60일 지지, 현재가-2.5×ATR))","min(현재가-0.25×ATR, max(q25, 20일 지지, 현재가-1.25×ATR))",14.3,사용 주의,정상 검증 불가로 단기이력 기준선을 사용했습니다. 판단 보류가 우선입니다.
RAM,RAM,15,30,15.359999656677246,15.359999656677246,25.50065387633554,8.289999961853027,9.91267265027114,0.5538460216377166,2.3418620018534,0.18238800420741427,8.289999961853027,8.289999961853027,15.359999656677246,판단 보류,해당 가격에서 모델의 상승 기대값이 유지되는 경우에만 검토,"median(q50, q75, 20일 저항) 및 최소 현재가+0.5×ATR","max(1차 목표가, q90)","min(현재가-0.5×ATR, max(q10, 60일 지지, 현재가-2.5×ATR))","min(현재가-0.25×ATR, max(q25, 20일 지지, 현재가-1.25×ATR))",14.3,사용 주의,정상 검증 불가로 단기이력 기준선을 사용했습니다. 판단 보류가 우선입니다.
RAM,RAM,15,60,15.359999656677246,15.359999656677246,28.41662136761094,8.289999961853027,9.91267265027114,0.5538460216377166,2.3418620018534,0.18238800420741427,8.289999961853027,8.289999961853027,15.359999656677246,판단 보류,해당 가격에서 모델의 상승 기대값이 유지되는 경우에만 검토,"median(q50, q75, 20일 저항) 및 최소 현재가+0.5×ATR","max(1차 목표가, q90)","min(현재가-0.5×ATR, max(q10, 60일 지지, 현재가-2.5×ATR))","min(현재가-0.25×ATR, max(q25, 20일 지지, 현재가-1.25×ATR))",14.3,사용 주의,정상 검증 불가로 단기이력 기준선을 사용했습니다. 판단 보류가 우선입니다.
SNDK,SanDisk,1,10,1853.9910357937924,1853.9910357937924,2198.202350918825,1508.9599846417752,1549.7024654654188,3.2342911400695704,162.96992329457467,0.10246813237693483,998.1900024414062,998.1900024414062,1827.989990234375,판단 보류,해당 가격에서 모델의 상승 기대값이 유지되는 경우에만 검토,"median(q50, q75, 20일 저항) 및 최소 현재가+0.5×ATR","max(1차 목표가, q90)","min(현재가-0.5×ATR, max(q10, 60일 지지, 현재가-2.5×ATR))","min(현재가-0.25×ATR, max(q25, 20일 지지, 현재가-1.25×ATR))",39.0,사용 주의,확률적 추정이며 투자수익을 보장하지 않습니다.
SNDK,SanDisk,1,30,2461.01040379754,2461.01040379754,3765.0541127369047,1508.9599846417752,1549.7024654654188,10.683756117807045,162.96992329457467,0.10246813237693483,998.1900024414062,998.1900024414062,1827.989990234375,판단 보류,해당 가격에서 모델의 상승 기대값이 유지되는 경우에만 검토,"median(q50, q75, 20일 저항) 및 최소 현재가+0.5×ATR","max(1차 목표가, q90)","min(현재가-0.5×ATR, max(q10, 60일 지지, 현재가-2.5×ATR))","min(현재가-0.25×ATR, max(q25, 20일 지지, 현재가-1.25×ATR))",39.0,사용 주의,확률적 추정이며 투자수익을 보장하지 않습니다.
SNDK,SanDisk,1,60,5006.0099513823425,5006.0099513823425,6608.159229959523,1508.9599846417752,1549.7024654654188,41.916507488556796,162.96992329457467,0.10246813237693483,998.1900024414062,998.1900024414062,1827.989990234375,판단 보류,해당 가격에서 모델의 상승 기대값이 유지되는 경우에만 검토,"median(q50, q75, 20일 저항) 및 최소 현재가+0.5×ATR","max(1차 목표가, q90)","min(현재가-0.5×ATR, max(q10, 60일 지지, 현재가-2.5×ATR))","min(현재가-0.25×ATR, max(q25, 20일 지지, 현재가-1.25×ATR))",39.0,사용 주의,확률적 추정이며 투자수익을 보장하지 않습니다.
SNDK,SanDisk,3,10,1827.989990234375,1827.989990234375,2287.719897802927,1309.7903141562251,1511.457773816933,0.846396306164936,162.96992329457467,0.10246813237693483,998.1900024414062,998.1900024414062,1827.989990234375,판단 보류,해당 가격에서 모델의 상승 기대값이 유지되는 경우에만 검토,"median(q50, q75, 20일 저항) 및 최소 현재가+0.5×ATR","max(1차 목표가, q90)","min(현재가-0.5×ATR, max(q10, 60일 지지, 현재가-2.5×ATR))","min(현재가-0.25×ATR, max(q25, 20일 지지, 현재가-1.25×ATR))",39.0,사용 주의,확률적 추정이며 투자수익을 보장하지 않습니다.
SNDK,SanDisk,3,30,2883.029180395611,2883.029180395611,4021.1497049082245,1508.9599846417752,1549.7024654654188,15.862856261767417,162.96992329457467,0.10246813237693483,998.1900024414062,998.1900024414062,1827.989990234375,판단 보류,해당 가격에서 모델의 상승 기대값이 유지되는 경우에만 검토,"median(q50, q75, 20일 저항) 및 최소 현재가+0.5×ATR","max(1차 목표가, q90)","min(현재가-0.5×ATR, max(q10, 60일 지지, 현재가-2.5×ATR))","min(현재가-0.25×ATR, max(q25, 20일 지지, 현재가-1.25×ATR))",39.0,사용 주의,확률적 추정이며 투자수익을 보장하지 않습니다.
SNDK,SanDisk,3,60,4819.603825992018,4819.603825992018,6401.581703814123,1508.9599846417752,1549.7024654654188,39.62889365623771,162.96992329457467,0.10246813237693483,998.1900024414062,998.1900024414062,1827.989990234375,판단 보류,해당 가격에서 모델의 상승 기대값이 유지되는 경우에만 검토,"median(q50, q75, 20일 저항) 및 최소 현재가+0.5×ATR","max(1차 목표가, q90)","min(현재가-0.5×ATR, max(q10, 60일 지지, 현재가-2.5×ATR))","min(현재가-0.25×ATR, max(q25, 20일 지지, 현재가-1.25×ATR))",39.0,사용 주의,확률적 추정이며 투자수익을 보장하지 않습니다.
SNDK,SanDisk,5,10,1827.989990234375,1827.989990234375,2287.719897802927,1309.7903141562251,1511.457773816933,0.846396306164936,162.96992329457467,0.10246813237693483,998.1900024414062,998.1900024414062,1827.989990234375,판단 보류,해당 가격에서 모델의 상승 기대값이 유지되는 경우에만 검토,"median(q50, q75, 20일 저항) 및 최소 현재가+0.5×ATR","max(1차 목표가, q90)","min(현재가-0.5×ATR, max(q10, 60일 지지, 현재가-2.5×ATR))","min(현재가-0.25×ATR, max(q25, 20일 지지, 현재가-1.25×ATR))",39.0,사용 주의,확률적 추정이며 투자수익을 보장하지 않습니다.
SNDK,SanDisk,5,30,2883.029180395611,2883.029180395611,4021.1497049082245,1508.9599846417752,1549.7024654654188,15.862856261767417,162.96992329457467,0.10246813237693483,998.1900024414062,998.1900024414062,1827.989990234375,판단 보류,해당 가격에서 모델의 상승 기대값이 유지되는 경우에만 검토,"median(q50, q75, 20일 저항) 및 최소 현재가+0.5×ATR","max(1차 목표가, q90)","min(현재가-0.5×ATR, max(q10, 60일 지지, 현재가-2.5×ATR))","min(현재가-0.25×ATR, max(q25, 20일 지지, 현재가-1.25×ATR))",39.0,사용 주의,확률적 추정이며 투자수익을 보장하지 않습니다.
SNDK,SanDisk,5,60,4819.603825992018,4819.603825992018,6401.581703814123,1508.9599846417752,1549.7024654654188,39.62889365623771,162.96992329457467,0.10246813237693483,998.1900024414062,998.1900024414062,1827.989990234375,판단 보류,해당 가격에서 모델의 상승 기대값이 유지되는 경우에만 검토,"median(q50, q75, 20일 저항) 및 최소 현재가+0.5×ATR","max(1차 목표가, q90)","min(현재가-0.5×ATR, max(q10, 60일 지지, 현재가-2.5×ATR))","min(현재가-0.25×ATR, max(q25, 20일 지지, 현재가-1.25×ATR))",39.0,사용 주의,확률적 추정이며 투자수익을 보장하지 않습니다.
SNDK,SanDisk,10,10,1827.989990234375,1827.989990234375,2287.719897802927,1309.7903141562251,1511.457773816933,0.846396306164936,162.96992329457467,0.10246813237693483,998.1900024414062,998.1900024414062,1827.989990234375,판단 보류,해당 가격에서 모델의 상승 기대값이 유지되는 경우에만 검토,"median(q50, q75, 20일 저항) 및 최소 현재가+0.5×ATR","max(1차 목표가, q90)","min(현재가-0.5×ATR, max(q10, 60일 지지, 현재가-2.5×ATR))","min(현재가-0.25×ATR, max(q25, 20일 지지, 현재가-1.25×ATR))",39.0,사용 주의,확률적 추정이며 투자수익을 보장하지 않습니다.
SNDK,SanDisk,10,30,2883.029180395611,2883.029180395611,4021.1497049082245,1508.9599846417752,1549.7024654654188,15.862856261767417,162.96992329457467,0.10246813237693483,998.1900024414062,998.1900024414062,1827.989990234375,판단 보류,해당 가격에서 모델의 상승 기대값이 유지되는 경우에만 검토,"median(q50, q75, 20일 저항) 및 최소 현재가+0.5×ATR","max(1차 목표가, q90)","min(현재가-0.5×ATR, max(q10, 60일 지지, 현재가-2.5×ATR))","min(현재가-0.25×ATR, max(q25, 20일 지지, 현재가-1.25×ATR))",39.0,사용 주의,확률적 추정이며 투자수익을 보장하지 않습니다.
SNDK,SanDisk,10,60,4819.603825992018,4819.603825992018,6401.581703814123,1508.9599846417752,1549.7024654654188,39.62889365623771,162.96992329457467,0.10246813237693483,998.1900024414062,998.1900024414062,1827.989990234375,판단 보류,해당 가격에서 모델의 상승 기대값이 유지되는 경우에만 검토,"median(q50, q75, 20일 저항) 및 최소 현재가+0.5×ATR","max(1차 목표가, q90)","min(현재가-0.5×ATR, max(q10, 60일 지지, 현재가-2.5×ATR))","min(현재가-0.25×ATR, max(q25, 20일 지지, 현재가-1.25×ATR))",39.0,사용 주의,확률적 추정이며 투자수익을 보장하지 않습니다.
SNDK,SanDisk,15,10,1827.989990234375,1827.989990234375,2287.719897802927,1309.7903141562251,1511.457773816933,0.846396306164936,162.96992329457467,0.10246813237693483,998.1900024414062,998.1900024414062,1827.989990234375,판단 보류,해당 가격에서 모델의 상승 기대값이 유지되는 경우에만 검토,"median(q50, q75, 20일 저항) 및 최소 현재가+0.5×ATR","max(1차 목표가, q90)","min(현재가-0.5×ATR, max(q10, 60일 지지, 현재가-2.5×ATR))","min(현재가-0.25×ATR, max(q25, 20일 지지, 현재가-1.25×ATR))",39.0,사용 주의,확률적 추정이며 투자수익을 보장하지 않습니다.
SNDK,SanDisk,15,30,2883.029180395611,2883.029180395611,4021.1497049082245,1508.9599846417752,1549.7024654654188,15.862856261767417,162.96992329457467,0.10246813237693483,998.1900024414062,998.1900024414062,1827.989990234375,판단 보류,해당 가격에서 모델의 상승 기대값이 유지되는 경우에만 검토,"median(q50, q75, 20일 저항) 및 최소 현재가+0.5×ATR","max(1차 목표가, q90)","min(현재가-0.5×ATR, max(q10, 60일 지지, 현재가-2.5×ATR))","min(현재가-0.25×ATR, max(q25, 20일 지지, 현재가-1.25×ATR))",39.0,사용 주의,확률적 추정이며 투자수익을 보장하지 않습니다.
SNDK,SanDisk,15,60,4819.603825992018,4819.603825992018,6401.581703814123,1508.9599846417752,1549.7024654654188,39.62889365623771,162.96992329457467,0.10246813237693483,998.1900024414062,998.1900024414062,1827.989990234375,판단 보류,해당 가격에서 모델의 상승 기대값이 유지되는 경우에만 검토,"median(q50, q75, 20일 저항) 및 최소 현재가+0.5×ATR","max(1차 목표가, q90)","min(현재가-0.5×ATR, max(q10, 60일 지지, 현재가-2.5×ATR))","min(현재가-0.25×ATR, max(q25, 20일 지지, 현재가-1.25×ATR))",39.0,사용 주의,확률적 추정이며 투자수익을 보장하지 않습니다.
