account_scope,period_years,horizon_days,ticker,name,asset_type,account,currency,quantity,current_local_price,current_fx,fx_method,cost_fx_method,current_value,invested_cost,current_pnl,future_value_p10,future_value_p50,future_value_mean,future_value_p90,expected_pnl,contribution_to_change,hold_assumption,forecast_status,forecast_available,valuation_method,warning
전체,1,10,000660.KS,SK하이닉스,stock,통합,KRW,29.0,1500000.0,1.0,기준통화,현재 환율 근사(취득 환율 미입력),43500000.0,18675014.0,24824986.0,38815391.91259216,43634905.1380434,43715697.73889779,48733312.422244236,24959891.138043404,134905.13804340363,현재 수량 그대로 보유,forecasted,True,latest_market_price,
전체,1,10,005930.KS,삼성전자,stock,통합,KRW,76.0,247500.0,1.0,기준통화,현재 환율 근사(취득 환율 미입력),18810000.0,10813432.0,7996568.0,18979635.011553686,20621090.900171723,20660002.574187633,22380044.62416616,9807658.900171723,1811090.9001717232,현재 수량 그대로 보유,forecasted,True,latest_market_price,
전체,1,10,SNDK,SanDisk,stock,통합,USD,51.0,1569.138671875,1384.97998046875,시장 환율,avg_fx_rate 사용자 입력,110834508.00343609,41938297.559999995,68896210.44343609,112526936.22870389,126374643.66899273,128559781.78627902,148139172.62529963,84436346.10899273,15540135.66555664,현재 수량 그대로 보유,forecasted,True,latest_market_price,
전체,1,10,RAM,RAM,stock,통합,USD,1792.0,11.977800369262695,1384.97998046875,시장 환율,avg_fx_rate 사용자 입력,29727512.58889222,26003443.2,3724069.388892222,26728106.607082106,29556271.26644256,30126505.939395454,30604696.32613672,3552828.0664425604,-171241.3224496618,현재 수량 그대로 보유,forecasted,True,latest_market_price,
전체,1,10,KRW,원화예수금,cash,통합,KRW,855162.0,1.0,1.0,기준통화,현재 환율 근사(취득 환율 미입력),855162.0,855162.0,0.0,855162.0,855162.0,855162.0,855162.0,0.0,0.0,현재 수량 그대로 보유,cash_held_constant,False,cash_nominal_value,
전체,1,30,000660.KS,SK하이닉스,stock,통합,KRW,29.0,1500000.0,1.0,기준통화,현재 환율 근사(취득 환율 미입력),43500000.0,18675014.0,24824986.0,61947031.94556588,74871130.49603145,75413959.22968256,89631650.93843752,56196116.49603145,31371130.49603145,현재 수량 그대로 보유,forecasted,True,latest_market_price,
전체,1,30,005930.KS,삼성전자,stock,통합,KRW,76.0,247500.0,1.0,기준통화,현재 환율 근사(취득 환율 미입력),18810000.0,10813432.0,7996568.0,24324008.228843007,27355005.67620384,27429708.101203725,30633018.3900554,16541573.67620384,8545005.67620384,현재 수량 그대로 보유,forecasted,True,latest_market_price,
전체,1,30,SNDK,SanDisk,stock,통합,USD,51.0,1569.138671875,1384.97998046875,시장 환율,avg_fx_rate 사용자 입력,110834508.00343609,41938297.559999995,68896210.44343609,114731635.0980354,177292849.55207235,193176202.30355138,288550279.3718583,135354551.99207234,66458341.54863626,현재 수량 그대로 보유,forecasted,True,latest_market_price,
전체,1,30,RAM,RAM,stock,통합,USD,1792.0,11.977800369262695,1384.97998046875,시장 환율,avg_fx_rate 사용자 입력,29727512.58889222,26003443.2,3724069.388892222,15063150.067679545,29104899.076284982,29594330.529536027,31212024.385913245,3101455.876284983,-622613.5126072392,현재 수량 그대로 보유,forecasted,True,latest_market_price,
전체,1,30,KRW,원화예수금,cash,통합,KRW,855162.0,1.0,1.0,기준통화,현재 환율 근사(취득 환율 미입력),855162.0,855162.0,0.0,855162.0,855162.0,855162.0,855162.0,0.0,0.0,현재 수량 그대로 보유,cash_held_constant,False,cash_nominal_value,
전체,1,60,000660.KS,SK하이닉스,stock,통합,KRW,29.0,1500000.0,1.0,기준통화,현재 환율 근사(취득 환율 미입력),43500000.0,18675014.0,24824986.0,63086318.03774063,81900395.7594322,83518246.9345566,106136681.469385,63225381.7594322,38400395.7594322,현재 수량 그대로 보유,forecasted,True,latest_market_price,
전체,1,60,005930.KS,삼성전자,stock,통합,KRW,76.0,247500.0,1.0,기준통화,현재 환율 근사(취득 환율 미입력),18810000.0,10813432.0,7996568.0,30574758.506526988,32556763.93135353,32605371.97367069,34691652.52204529,21743331.93135353,13746763.931353532,현재 수량 그대로 보유,forecasted,True,latest_market_price,
전체,1,60,SNDK,SanDisk,stock,통합,USD,51.0,1569.138671875,1384.97998046875,시장 환율,avg_fx_rate 사용자 입력,110834508.00343609,41938297.559999995,68896210.44343609,271563844.6318257,341589598.33591205,347971172.5700872,429140278.7618408,299651300.77591205,230755090.33247596,현재 수량 그대로 보유,forecasted,True,latest_market_price,
전체,1,60,RAM,RAM,stock,통합,USD,1792.0,11.977800369262695,1384.97998046875,시장 환율,avg_fx_rate 사용자 입력,29727512.58889222,26003443.2,3724069.388892222,7608313.450356763,28378090.875248805,27284892.504846536,35329129.42849713,2374647.6752488054,-1349421.7136434168,현재 수량 그대로 보유,forecasted,True,latest_market_price,
전체,1,60,KRW,원화예수금,cash,통합,KRW,855162.0,1.0,1.0,기준통화,현재 환율 근사(취득 환율 미입력),855162.0,855162.0,0.0,855162.0,855162.0,855162.0,855162.0,0.0,0.0,현재 수량 그대로 보유,cash_held_constant,False,cash_nominal_value,
전체,3,10,000660.KS,SK하이닉스,stock,통합,KRW,29.0,1500000.0,1.0,기준통화,현재 환율 근사(취득 환율 미입력),43500000.0,18675014.0,24824986.0,37161987.852174625,42868937.55126464,42952363.218938276,48933835.85490215,24193923.551264644,-631062.4487353563,현재 수량 그대로 보유,forecasted,True,latest_market_price,
전체,3,10,005930.KS,삼성전자,stock,통합,KRW,76.0,247500.0,1.0,기준통화,현재 환율 근사(취득 환율 미입력),18810000.0,10813432.0,7996568.0,15495966.155151965,17583898.03857726,17678056.907408025,20031867.376227282,6770466.038577259,-1226101.9614227414,현재 수량 그대로 보유,forecasted,True,latest_market_price,
전체,3,10,SNDK,SanDisk,stock,통합,USD,51.0,1569.138671875,1384.97998046875,시장 환율,avg_fx_rate 사용자 입력,110834508.00343609,41938297.559999995,68896210.44343609,96582774.33335571,117482723.42084174,121733251.61793974,152870768.48554227,75544425.86084175,6648215.41740565,현재 수량 그대로 보유,forecasted,True,latest_market_price,
전체,3,10,RAM,RAM,stock,통합,USD,1792.0,11.977800369262695,1384.97998046875,시장 환율,avg_fx_rate 사용자 입력,29727512.58889222,26003443.2,3724069.388892222,27041668.43981545,29538454.41257693,30027643.900747925,30528757.642738033,3535011.2125769295,-189058.17631529272,현재 수량 그대로 보유,forecasted,True,latest_market_price,
전체,3,10,KRW,원화예수금,cash,통합,KRW,855162.0,1.0,1.0,기준통화,현재 환율 근사(취득 환율 미입력),855162.0,855162.0,0.0,855162.0,855162.0,855162.0,855162.0,0.0,0.0,현재 수량 그대로 보유,cash_held_constant,False,cash_nominal_value,
전체,3,30,000660.KS,SK하이닉스,stock,통합,KRW,29.0,1500000.0,1.0,기준통화,현재 환율 근사(취득 환율 미입력),43500000.0,18675014.0,24824986.0,45463109.30284711,60038957.390674435,61324377.60368506,78758154.48785126,41363943.390674435,16538957.390674435,현재 수량 그대로 보유,forecasted,True,latest_market_price,
전체,3,30,005930.KS,삼성전자,stock,통합,KRW,76.0,247500.0,1.0,기준통화,현재 환율 근사(취득 환율 미입력),18810000.0,10813432.0,7996568.0,16189962.270788435,18650561.28677223,18740956.904342115,21436971.09788304,7837129.286772229,-159438.71322777122,현재 수량 그대로 보유,forecasted,True,latest_market_price,
전체,3,30,SNDK,SanDisk,stock,통합,USD,51.0,1569.138671875,1384.97998046875,시장 환율,avg_fx_rate 사용자 입력,110834508.00343609,41938297.559999995,68896210.44343609,148761337.59106877,206642168.28194872,217714296.63346842,301233594.8901503,164703870.7219487,95807660.27851263,현재 수량 그대로 보유,forecasted,True,latest_market_price,
전체,3,30,RAM,RAM,stock,통합,USD,1792.0,11.977800369262695,1384.97998046875,시장 환율,avg_fx_rate 사용자 입력,29727512.58889222,26003443.2,3724069.388892222,14771947.492563942,29087359.887428515,29549616.89095377,31267425.741827313,3083916.6874285154,-640152.7014637068,현재 수량 그대로 보유,forecasted,True,latest_market_price,
전체,3,30,KRW,원화예수금,cash,통합,KRW,855162.0,1.0,1.0,기준통화,현재 환율 근사(취득 환율 미입력),855162.0,855162.0,0.0,855162.0,855162.0,855162.0,855162.0,0.0,0.0,현재 수량 그대로 보유,cash_held_constant,False,cash_nominal_value,
전체,3,60,000660.KS,SK하이닉스,stock,통합,KRW,29.0,1500000.0,1.0,기준통화,현재 환율 근사(취득 환율 미입력),43500000.0,18675014.0,24824986.0,61405683.749556415,84506905.33934298,87464522.48994288,117150671.23633233,65831891.33934298,41006905.33934298,현재 수량 그대로 보유,forecasted,True,latest_market_price,
전체,3,60,005930.KS,삼성전자,stock,통합,KRW,76.0,247500.0,1.0,기준통화,현재 환율 근사(취득 환율 미입력),18810000.0,10813432.0,7996568.0,15647479.140781173,19435353.476375178,19772716.347374775,24172534.17681017,8621921.476375178,625353.4763751775,현재 수량 그대로 보유,forecasted,True,latest_market_price,
전체,3,60,SNDK,SanDisk,stock,통합,USD,51.0,1569.138671875,1384.97998046875,시장 환율,avg_fx_rate 사용자 입력,110834508.00343609,41938297.559999995,68896210.44343609,255602329.37961861,328324181.9060812,336752322.9652851,430632548.58160216,286385884.3460812,217489673.9026451,현재 수량 그대로 보유,forecasted,True,latest_market_price,
전체,3,60,RAM,RAM,stock,통합,USD,1792.0,11.977800369262695,1384.97998046875,시장 환율,avg_fx_rate 사용자 입력,29727512.58889222,26003443.2,3724069.388892222,7705188.426019951,28385606.94719433,27235872.370070457,35784167.95369463,2382163.747194331,-1341905.641697891,현재 수량 그대로 보유,forecasted,True,latest_market_price,
전체,3,60,KRW,원화예수금,cash,통합,KRW,855162.0,1.0,1.0,기준통화,현재 환율 근사(취득 환율 미입력),855162.0,855162.0,0.0,855162.0,855162.0,855162.0,855162.0,0.0,0.0,현재 수량 그대로 보유,cash_held_constant,False,cash_nominal_value,
전체,5,10,000660.KS,SK하이닉스,stock,통합,KRW,29.0,1500000.0,1.0,기준통화,현재 환율 근사(취득 환율 미입력),43500000.0,18675014.0,24824986.0,36300463.44111298,44242132.991338834,44583624.54005345,53278254.73593581,25567118.991338834,742132.9913388342,현재 수량 그대로 보유,forecasted,True,latest_market_price,
전체,5,10,005930.KS,삼성전자,stock,통합,KRW,76.0,247500.0,1.0,기준통화,현재 환율 근사(취득 환율 미입력),18810000.0,10813432.0,7996568.0,16279367.563446563,18805273.300504826,18910189.96169981,21657241.454910766,7991841.300504826,-4726.699495173991,현재 수량 그대로 보유,forecasted,True,latest_market_price,
전체,5,10,SNDK,SanDisk,stock,통합,USD,51.0,1569.138671875,1384.97998046875,시장 환율,avg_fx_rate 사용자 입력,110834508.00343609,41938297.559999995,68896210.44343609,96545822.5548411,117225744.62513992,121446429.99741289,152132229.9292748,75287447.06513992,6391236.621703833,현재 수량 그대로 보유,forecasted,True,latest_market_price,
전체,5,10,RAM,RAM,stock,통합,USD,1792.0,11.977800369262695,1384.97998046875,시장 환율,avg_fx_rate 사용자 입력,29727512.58889222,26003443.2,3724069.388892222,25323191.300388288,29539426.929019876,29948282.23126361,30551882.45751314,3535983.7290198766,-188085.65987234563,현재 수량 그대로 보유,forecasted,True,latest_market_price,
전체,5,10,KRW,원화예수금,cash,통합,KRW,855162.0,1.0,1.0,기준통화,현재 환율 근사(취득 환율 미입력),855162.0,855162.0,0.0,855162.0,855162.0,855162.0,855162.0,0.0,0.0,현재 수량 그대로 보유,cash_held_constant,False,cash_nominal_value,
전체,5,30,000660.KS,SK하이닉스,stock,통합,KRW,29.0,1500000.0,1.0,기준통화,현재 환율 근사(취득 환율 미입력),43500000.0,18675014.0,24824986.0,43746812.4446255,61068563.19561648,62576636.8358645,83452726.44457185,42393549.19561648,17568563.195616484,현재 수량 그대로 보유,forecasted,True,latest_market_price,
전체,5,30,005930.KS,삼성전자,stock,통합,KRW,76.0,247500.0,1.0,기준통화,현재 환율 근사(취득 환율 미입력),18810000.0,10813432.0,7996568.0,15026162.765851043,18975759.488732114,19276348.476736046,23929989.352798164,8162327.488732114,165759.48873211443,현재 수량 그대로 보유,forecasted,True,latest_market_price,
전체,5,30,SNDK,SanDisk,stock,통합,USD,51.0,1569.138671875,1384.97998046875,시장 환율,avg_fx_rate 사용자 입력,110834508.00343609,41938297.559999995,68896210.44343609,148187180.0260984,206630689.13151413,217411081.36939391,299389312.17062056,164692391.57151413,95796181.12807804,현재 수량 그대로 보유,forecasted,True,latest_market_price,
전체,5,30,RAM,RAM,stock,통합,USD,1792.0,11.977800369262695,1384.97998046875,시장 환율,avg_fx_rate 사용자 입력,29727512.58889222,26003443.2,3724069.388892222,14841967.820157867,29105698.2987326,29786618.13833092,31031747.20175453,3102255.098732602,-621814.2901596203,현재 수량 그대로 보유,forecasted,True,latest_market_price,
전체,5,30,KRW,원화예수금,cash,통합,KRW,855162.0,1.0,1.0,기준통화,현재 환율 근사(취득 환율 미입력),855162.0,855162.0,0.0,855162.0,855162.0,855162.0,855162.0,0.0,0.0,현재 수량 그대로 보유,cash_held_constant,False,cash_nominal_value,
전체,5,60,000660.KS,SK하이닉스,stock,통합,KRW,29.0,1500000.0,1.0,기준통화,현재 환율 근사(취득 환율 미입력),43500000.0,18675014.0,24824986.0,61173308.79948703,90669941.27880949,95906102.75648037,137377378.26678964,71994927.27880949,47169941.27880949,현재 수량 그대로 보유,forecasted,True,latest_market_price,
전체,5,60,005930.KS,삼성전자,stock,통합,KRW,76.0,247500.0,1.0,기준통화,현재 환율 근사(취득 환율 미입력),18810000.0,10813432.0,7996568.0,16041374.59845765,20504454.869694978,20933593.15094939,26320912.45637315,9691022.869694978,1694454.869694978,현재 수량 그대로 보유,forecasted,True,latest_market_price,
전체,5,60,SNDK,SanDisk,stock,통합,USD,51.0,1569.138671875,1384.97998046875,시장 환율,avg_fx_rate 사용자 입력,110834508.00343609,41938297.559999995,68896210.44343609,256539729.99552166,329527158.4903367,337274149.0749403,427870837.22644067,287588860.9303367,218692650.48690063,현재 수량 그대로 보유,forecasted,True,latest_market_price,
전체,5,60,RAM,RAM,stock,통합,USD,1792.0,11.977800369262695,1384.97998046875,시장 환율,avg_fx_rate 사용자 입력,29727512.58889222,26003443.2,3724069.388892222,7680531.335718392,28376583.43782802,27303518.746737026,35833753.14010685,2373140.23782802,-1350929.1510642022,현재 수량 그대로 보유,forecasted,True,latest_market_price,
전체,5,60,KRW,원화예수금,cash,통합,KRW,855162.0,1.0,1.0,기준통화,현재 환율 근사(취득 환율 미입력),855162.0,855162.0,0.0,855162.0,855162.0,855162.0,855162.0,0.0,0.0,현재 수량 그대로 보유,cash_held_constant,False,cash_nominal_value,
전체,10,10,000660.KS,SK하이닉스,stock,통합,KRW,29.0,1500000.0,1.0,기준통화,현재 환율 근사(취득 환율 미입력),43500000.0,18675014.0,24824986.0,37531720.74208127,44585399.24464808,44801545.16061851,52396044.90967961,25910385.244648077,1085399.2446480766,현재 수량 그대로 보유,forecasted,True,latest_market_price,
전체,10,10,005930.KS,삼성전자,stock,통합,KRW,76.0,247500.0,1.0,기준통화,현재 환율 근사(취득 환율 미입력),18810000.0,10813432.0,7996568.0,16478406.620690312,18953702.709411826,19054726.900990147,21755141.178749792,8140270.709411826,143702.70941182598,현재 수량 그대로 보유,forecasted,True,latest_market_price,
전체,10,10,SNDK,SanDisk,stock,통합,USD,51.0,1569.138671875,1384.97998046875,시장 환율,avg_fx_rate 사용자 입력,110834508.00343609,41938297.559999995,68896210.44343609,96705836.36976622,117234826.02946746,121472815.27313067,151591368.69824004,75296528.46946746,6400318.026031375,현재 수량 그대로 보유,forecasted,True,latest_market_price,
전체,10,10,RAM,RAM,stock,통합,USD,1792.0,11.977800369262695,1384.97998046875,시장 환율,avg_fx_rate 사용자 입력,29727512.58889222,26003443.2,3724069.388892222,25021053.29549359,29534420.14829751,29857067.403070617,30550488.999287296,3530976.948297512,-193092.4405947104,현재 수량 그대로 보유,forecasted,True,latest_market_price,
전체,10,10,KRW,원화예수금,cash,통합,KRW,855162.0,1.0,1.0,기준통화,현재 환율 근사(취득 환율 미입력),855162.0,855162.0,0.0,855162.0,855162.0,855162.0,855162.0,0.0,0.0,현재 수량 그대로 보유,cash_held_constant,False,cash_nominal_value,
전체,10,30,000660.KS,SK하이닉스,stock,통합,KRW,29.0,1500000.0,1.0,기준통화,현재 환율 근사(취득 환율 미입력),43500000.0,18675014.0,24824986.0,49044690.38865033,71032592.3136482,73501139.92456423,100779033.50038844,52357578.313648194,27532592.313648194,현재 수량 그대로 보유,forecasted,True,latest_market_price,
전체,10,30,005930.KS,삼성전자,stock,통합,KRW,76.0,247500.0,1.0,기준통화,현재 환율 근사(취득 환율 미입력),18810000.0,10813432.0,7996568.0,16254372.291007575,19084498.94907651,19207472.88187994,22300879.418234166,8271066.949076511,274498.94907651097,현재 수량 그대로 보유,forecasted,True,latest_market_price,
전체,10,30,SNDK,SanDisk,stock,통합,USD,51.0,1569.138671875,1384.97998046875,시장 환율,avg_fx_rate 사용자 입력,110834508.00343609,41938297.559999995,68896210.44343609,148834150.09862426,206749984.78932193,217693060.73141867,300834009.33324754,164811687.22932193,95915476.78588584,현재 수량 그대로 보유,forecasted,True,latest_market_price,
전체,10,30,RAM,RAM,stock,통합,USD,1792.0,11.977800369262695,1384.97998046875,시장 환율,avg_fx_rate 사용자 입력,29727512.58889222,26003443.2,3724069.388892222,14884658.006579537,29126858.750612404,29527054.071119007,31481045.686369576,3123415.550612405,-600653.8382798173,현재 수량 그대로 보유,forecasted,True,latest_market_price,
전체,10,30,KRW,원화예수금,cash,통합,KRW,855162.0,1.0,1.0,기준통화,현재 환율 근사(취득 환율 미입력),855162.0,855162.0,0.0,855162.0,855162.0,855162.0,855162.0,0.0,0.0,현재 수량 그대로 보유,cash_held_constant,False,cash_nominal_value,
전체,10,60,000660.KS,SK하이닉스,stock,통합,KRW,29.0,1500000.0,1.0,기준통화,현재 환율 근사(취득 환율 미입력),43500000.0,18675014.0,24824986.0,52311764.21031083,72816351.0974302,75537118.43270254,102090762.22955242,54141337.0974302,29316351.0974302,현재 수량 그대로 보유,forecasted,True,latest_market_price,
전체,10,60,005930.KS,삼성전자,stock,통합,KRW,76.0,247500.0,1.0,기준통화,현재 환율 근사(취득 환율 미입력),18810000.0,10813432.0,7996568.0,16313201.42491945,18723921.358650178,18851918.871608775,21569863.701279286,7910489.358650178,-86078.64134982228,현재 수량 그대로 보유,forecasted,True,latest_market_price,
전체,10,60,SNDK,SanDisk,stock,통합,USD,51.0,1569.138671875,1384.97998046875,시장 환율,avg_fx_rate 사용자 입력,110834508.00343609,41938297.559999995,68896210.44343609,254912969.7389679,328684328.04538476,336660737.6886372,427836083.01355535,286746030.48538476,217849820.04194868,현재 수량 그대로 보유,forecasted,True,latest_market_price,
전체,10,60,RAM,RAM,stock,통합,USD,1792.0,11.977800369262695,1384.97998046875,시장 환율,avg_fx_rate 사용자 입력,29727512.58889222,26003443.2,3724069.388892222,7704872.714176682,28366730.869353227,26894795.370478176,34869419.275146075,2363287.669353228,-1360781.7195389941,현재 수량 그대로 보유,forecasted,True,latest_market_price,
전체,10,60,KRW,원화예수금,cash,통합,KRW,855162.0,1.0,1.0,기준통화,현재 환율 근사(취득 환율 미입력),855162.0,855162.0,0.0,855162.0,855162.0,855162.0,855162.0,0.0,0.0,현재 수량 그대로 보유,cash_held_constant,False,cash_nominal_value,
전체,15,10,000660.KS,SK하이닉스,stock,통합,KRW,29.0,1500000.0,1.0,기준통화,현재 환율 근사(취득 환율 미입력),43500000.0,18675014.0,24824986.0,38847741.22611908,46192460.379250646,46465273.55427744,54495487.4663268,27517446.379250646,2692460.3792506456,현재 수량 그대로 보유,forecasted,True,latest_market_price,
전체,15,10,005930.KS,삼성전자,stock,통합,KRW,76.0,247500.0,1.0,기준통화,현재 환율 근사(취득 환율 미입력),18810000.0,10813432.0,7996568.0,16337416.476018097,18792192.40074517,18948240.82300235,21794112.38967625,7978760.400745168,-17807.59925483167,현재 수량 그대로 보유,forecasted,True,latest_market_price,
전체,15,10,SNDK,SanDisk,stock,통합,USD,51.0,1569.138671875,1384.97998046875,시장 환율,avg_fx_rate 사용자 입력,110834508.00343609,41938297.559999995,68896210.44343609,96236008.12276968,117330920.2202718,121485262.80364741,151831756.59311575,75392622.6602718,6496412.216835707,현재 수량 그대로 보유,forecasted,True,latest_market_price,
전체,15,10,RAM,RAM,stock,통합,USD,1792.0,11.977800369262695,1384.97998046875,시장 환율,avg_fx_rate 사용자 입력,29727512.58889222,26003443.2,3724069.388892222,27182598.884878334,29542475.48440141,29909919.96322846,30517098.42242236,3539032.2844014093,-185037.10449081287,현재 수량 그대로 보유,forecasted,True,latest_market_price,
전체,15,10,KRW,원화예수금,cash,통합,KRW,855162.0,1.0,1.0,기준통화,현재 환율 근사(취득 환율 미입력),855162.0,855162.0,0.0,855162.0,855162.0,855162.0,855162.0,0.0,0.0,현재 수량 그대로 보유,cash_held_constant,False,cash_nominal_value,
전체,15,30,000660.KS,SK하이닉스,stock,통합,KRW,29.0,1500000.0,1.0,기준통화,현재 환율 근사(취득 환율 미입력),43500000.0,18675014.0,24824986.0,37054490.96328436,57649807.06565001,60633359.01135369,87306179.96952584,38974793.06565001,14149807.065650009,현재 수량 그대로 보유,forecasted,True,latest_market_price,
전체,15,30,005930.KS,삼성전자,stock,통합,KRW,76.0,247500.0,1.0,기준통화,현재 환율 근사(취득 환율 미입력),18810000.0,10813432.0,7996568.0,14711437.31618355,18352338.80402085,18603042.378700934,22743167.976556093,7538906.804020852,-457661.19597914815,현재 수량 그대로 보유,forecasted,True,latest_market_price,
전체,15,30,SNDK,SanDisk,stock,통합,USD,51.0,1569.138671875,1384.97998046875,시장 환율,avg_fx_rate 사용자 입력,110834508.00343609,41938297.559999995,68896210.44343609,148064750.4176892,206586105.6122282,217232484.5334248,300359687.4109508,164647808.0522282,95751597.60879213,현재 수량 그대로 보유,forecasted,True,latest_market_price,
전체,15,30,RAM,RAM,stock,통합,USD,1792.0,11.977800369262695,1384.97998046875,시장 환율,avg_fx_rate 사용자 입력,29727512.58889222,26003443.2,3724069.388892222,15025912.027671665,29128268.61507038,30027948.39096033,31542646.37360489,3124825.415070381,-599243.9738218412,현재 수량 그대로 보유,forecasted,True,latest_market_price,
전체,15,30,KRW,원화예수금,cash,통합,KRW,855162.0,1.0,1.0,기준통화,현재 환율 근사(취득 환율 미입력),855162.0,855162.0,0.0,855162.0,855162.0,855162.0,855162.0,0.0,0.0,현재 수량 그대로 보유,cash_held_constant,False,cash_nominal_value,
전체,15,60,000660.KS,SK하이닉스,stock,통합,KRW,29.0,1500000.0,1.0,기준통화,현재 환율 근사(취득 환율 미입력),43500000.0,18675014.0,24824986.0,47394585.50696064,64776664.2476525,67024478.172846414,89779907.49071316,46101650.2476525,21276664.2476525,현재 수량 그대로 보유,forecasted,True,latest_market_price,
전체,15,60,005930.KS,삼성전자,stock,통합,KRW,76.0,247500.0,1.0,기준통화,현재 환율 근사(취득 환율 미입력),18810000.0,10813432.0,7996568.0,16306525.752361223,18631418.48558886,18777308.542112645,21432638.163421053,7817986.48558886,-178581.51441114023,현재 수량 그대로 보유,forecasted,True,latest_market_price,
전체,15,60,SNDK,SanDisk,stock,통합,USD,51.0,1569.138671875,1384.97998046875,시장 환율,avg_fx_rate 사용자 입력,110834508.00343609,41938297.559999995,68896210.44343609,254879731.8417562,328775226.4207653,336696041.27519715,429317597.482246,286836928.8607653,217940718.4173292,현재 수량 그대로 보유,forecasted,True,latest_market_price,
전체,15,60,RAM,RAM,stock,통합,USD,1792.0,11.977800369262695,1384.97998046875,시장 환율,avg_fx_rate 사용자 입력,29727512.58889222,26003443.2,3724069.388892222,7655083.409340889,28420023.257009126,27537385.644181024,36086307.41092084,2416580.057009127,-1307489.3318830952,현재 수량 그대로 보유,forecasted,True,latest_market_price,
전체,15,60,KRW,원화예수금,cash,통합,KRW,855162.0,1.0,1.0,기준통화,현재 환율 근사(취득 환율 미입력),855162.0,855162.0,0.0,855162.0,855162.0,855162.0,855162.0,0.0,0.0,현재 수량 그대로 보유,cash_held_constant,False,cash_nominal_value,
