ticker,name,period_years,horizon_days,as_of_date,current_price,predicted_log_return,expected_return,up_probability,down_probability,return_q10,return_q25,return_q50,return_q75,return_q90,price_q10,price_q25,price_q50,price_q75,price_q90,interval80_low,interval80_high,interval90_low,interval90_high,predicted_volatility,max_expected_downside,confidence_score,confidence_grade,model_name,model_reason,calibration_method,data_status,memory_spot_used,fallback_level,last_data_time,training_rows,test_rows,hold_assumption,effective_history_days
000660.KS,SK하이닉스,1,10,2026-08-19,1509000.0,0.07646276460017651,0.07946199538984011,0.8272878017970748,0.17271219820292516,-0.1288429570586404,-0.07071433721313602,0.028742924061287874,0.09920640986567714,0.1642091298705812,1326580.0276802569,1405977.5733317106,1553002.4221856275,1666379.9678040303,1778297.2576657943,1326580.0276802569,1778297.2576657943,1278521.9355325613,1861878.518214237,0.11433487922301744,-0.11068289713253532,39.0,사용 주의,historical_mean_return,고급 모델이 기준선 historical_mean_return의 walk-forward RMSE를 개선하지 못해 기준 모델 선택,platt,PROXY_OPT_IN,False,4,2026-08-19,233,46,현재 수량을 예측 시점까지 그대로 보유,
000660.KS,SK하이닉스,1,30,2026-08-19,1509000.0,0.568956767648405,0.7664232999372427,0.9935263538286953,0.006473646171304748,0.24334689633465212,0.306497919600562,0.5397218472959544,0.5442104845044297,0.6300880328735875,1924746.1253750224,2050215.8891507492,2588734.19146846,2600380.1978784828,2833563.7998942565,1924746.1253750224,2833563.7998942565,2023800.3397840299,3319218.578475221,0.15088785614903769,-0.013709671179798266,39.0,사용 주의,hist_quantile_median,분리된 walk-forward RMSE 최저이며 기준선 대비 16.65% 개선,platt,PROXY_OPT_IN,False,2,2026-08-19,213,42,현재 수량을 예측 시점까지 그대로 보유,
000660.KS,SK하이닉스,1,60,2026-08-19,1509000.0,0.5374124155239136,0.7115722893576553,0.999,0.0010000000000000009,0.35079819110577054,0.6035276292899265,0.6035276292899265,0.8118237629896794,0.8956941180680152,2143082.8379803067,2759293.887337167,2759293.887337167,3398285.170513682,3695593.9948000205,2143082.8379803067,3695593.9948000205,1969985.0296912263,3956408.9283793513,0.21259227549329587,-0.024702296791956124,39.0,사용 주의,historical_mean_return,고급 모델이 기준선 historical_mean_return의 walk-forward RMSE를 개선하지 못해 기준 모델 선택,empirical_residual,PROXY_OPT_IN,False,4,2026-08-19,183,40,현재 수량을 예측 시점까지 그대로 보유,
000660.KS,SK하이닉스,3,10,2026-08-19,1509000.0,0.036030628695024464,0.03668759839294844,0.7145120317408429,0.2854879682591571,-0.17699879028592552,-0.09434358800710929,-0.014083523587600635,0.025277611755652324,0.16665292178076668,1264211.2241783838,1373144.8110711863,1487896.9146143,1547630.0975487619,1782648.360547553,1264211.2241783838,1782648.360547553,1185518.425926828,1844364.815473571,0.13407642786525567,-0.16889149147716553,39.0,사용 주의,historical_mean_return,고급 모델이 기준선 historical_mean_return의 walk-forward RMSE를 개선하지 못해 기준 모델 선택,platt,PROXY_OPT_IN,False,4,2026-08-19,717,143,현재 수량을 예측 시점까지 그대로 보유,
000660.KS,SK하이닉스,3,30,2026-08-19,1509000.0,0.11593609016171033,0.1229241039420379,0.8489018662532827,0.15109813374671732,0.14253338776155386,0.31484790962051357,0.31484790962051357,0.5811965234937079,0.6735291155104599,1740166.098445522,2067406.8436304012,2067406.8436304012,2698358.710786385,2959369.666926558,1740166.098445522,2959369.666926558,1473000.255302304,2912144.873536572,0.20716908395459582,-0.050488607973427246,39.0,사용 주의,historical_mean_return,고급 모델이 기준선 historical_mean_return의 walk-forward RMSE를 개선하지 못해 기준 모델 선택,platt,PROXY_OPT_IN,False,4,2026-08-19,697,139,현재 수량을 예측 시점까지 그대로 보유,
000660.KS,SK하이닉스,3,60,2026-08-19,1509000.0,0.5891071428300592,0.8023784302570229,0.999,0.0010000000000000009,0.1593159487612703,0.5495981043267746,0.5693526235784169,0.5988207058456825,0.9469447124509744,1769616.9815189517,2614427.8655451215,2666588.1354294377,2746336.6206030655,3889932.8381984183,1769616.9815189517,3889932.8381984183,1617910.0803313747,4433149.279945086,0.30729499493646906,-0.06240563518225217,39.0,사용 주의,hist_quantile_median,분리된 walk-forward RMSE 최저이며 기준선 대비 4.15% 개선,empirical_residual,PROXY_OPT_IN,False,2,2026-08-19,667,133,현재 수량을 예측 시점까지 그대로 보유,
000660.KS,SK하이닉스,5,10,2026-08-19,1509000.0,0.022671103505025297,0.02293004610772531,0.602134073028593,0.397865926971407,-0.19305899874844232,-0.09899825814303671,0.008004737652980137,0.04907582910960073,0.16934430160274652,1244069.8982436887,1366768.1271200406,1521127.6235836965,1584902.6864696986,1787452.6065001518,1244069.8982436887,1787452.6065001518,1198941.2518756445,1905115.2724079639,0.14139239890717317,-0.1555814589393999,39.0,사용 주의,historical_mean_return,고급 모델이 기준선 historical_mean_return의 walk-forward RMSE를 개선하지 못해 기준 모델 선택,platt,PROXY_OPT_IN,False,4,2026-08-19,1209,241,현재 수량을 예측 시점까지 그대로 보유,
000660.KS,SK하이닉스,5,30,2026-08-19,1509000.0,0.07185931751004963,0.07450416950822802,0.4956426206771097,0.5043573793228904,-0.0026768363108824614,0.343265094152006,0.343265094152006,0.5553727626460092,0.680158268804681,1504966.055520161,2126999.4421297,2126999.4421297,2629568.968441397,2979052.9517763024,1504966.055520161,2979052.9517763024,1368560.1937244332,3275326.084605966,0.2664095318027215,-0.07986801877141159,39.0,사용 주의,historical_mean_return,고급 모델이 기준선 historical_mean_return의 walk-forward RMSE를 개선하지 못해 기준 모델 선택,platt,PROXY_OPT_IN,False,4,2026-08-19,1189,237,현재 수량을 예측 시점까지 그대로 보유,
000660.KS,SK하이닉스,5,60,2026-08-19,1509000.0,0.6278620146789851,0.8736005636120698,0.999,0.0010000000000000009,0.10417552018258992,0.536303173269557,0.602111472694516,0.8032849683249422,0.9788439835374534,1674681.0009879677,2579899.2636007797,2755389.0606755475,3369391.445578291,4016019.2002757858,1674681.0009879677,4016019.2002757858,1570820.2566812213,4859667.969205785,0.34125371419727846,-0.0726060234168514,39.0,사용 주의,hist_quantile_median,분리된 walk-forward RMSE 최저이며 기준선 대비 5.92% 개선,isotonic,PROXY_OPT_IN,False,2,2026-08-19,1159,231,현재 수량을 예측 시점까지 그대로 보유,
000660.KS,SK하이닉스,10,10,2026-08-19,1509000.0,0.0,0.0,0.46341496293666146,0.5365850370633385,-0.18767032918087342,-0.06286508829529942,0.031921008408262515,0.08381870369494265,0.15139877748349045,1250791.8748337047,1417056.8664589487,1557945.8460225423,1640934.4784307035,1755661.935916949,1250791.8748337047,1755661.935916949,1248250.7251619336,1931698.6357703235,0.13228851486763044,-0.12719033726716522,39.0,사용 주의,last_value_zero_return,고급 모델이 기준선 last_value_zero_return의 walk-forward RMSE를 개선하지 못해 기준 모델 선택,platt,PROXY_OPT_IN,False,4,2026-08-19,2436,252,현재 수량을 예측 시점까지 그대로 보유,
000660.KS,SK하이닉스,10,30,2026-08-19,1509000.0,0.5188378632907618,0.6800740390224316,0.999,0.0010000000000000009,-0.0815137758826094,0.22699202312209452,0.5303393600681608,0.6541012392196599,0.6607764412991587,1390875.498499947,1893523.1662585298,2564559.0149701717,2902430.2956028786,2921869.412182245,1390875.498499947,2921869.412182245,1592881.7462442252,4142050.3710555425,0.28960606702795016,-0.05912653117225741,37.0,사용 주의,hist_quantile_median,분리된 walk-forward RMSE 최저이며 기준선 대비 3.44% 개선,isotonic,PROXY_OPT_IN,False,2,2026-08-19,2416,252,현재 수량을 예측 시점까지 그대로 보유,
000660.KS,SK하이닉스,10,60,2026-08-19,1509000.0,0.10191498663627785,0.10728933333563884,0.47062208724342586,0.5293779127565741,0.21374220697969207,0.5416399573267965,0.5416399573267965,0.7041039350193634,0.8476343165434189,1868599.8119977077,2593704.433700186,2593704.433700186,3051249.304559309,3522184.8614418195,1868599.8119977077,3522184.8614418195,1731808.5473267862,3929126.1980096214,0.2473143206275714,-0.04169190643718612,39.0,사용 주의,historical_mean_return,고급 모델이 기준선 historical_mean_return의 walk-forward RMSE를 개선하지 못해 기준 모델 선택,platt,PROXY_OPT_IN,False,4,2026-08-19,2386,252,현재 수량을 예측 시점까지 그대로 보유,
000660.KS,SK하이닉스,15,10,2026-08-19,1509000.0,0.012566386339400644,0.012645675148728053,0.6040133725433915,0.3959866274566085,-0.18179891517472874,-0.10728627046300457,0.059602405000707084,0.10663842366201352,0.16442570130988265,1258157.3936118432,1355487.149061699,1601674.404388714,1678810.6620430094,1778682.4277693094,1258157.3936118432,1778682.4277693094,1270352.6956536944,1974256.4489332098,0.1350802518576308,-0.1068049695753771,39.0,사용 주의,historical_mean_return,고급 모델이 기준선 historical_mean_return의 walk-forward RMSE를 개선하지 못해 기준 모델 선택,platt,PROXY_OPT_IN,False,4,2026-08-19,3672,252,현재 수량을 예측 시점까지 그대로 보유,
000660.KS,SK하이닉스,15,30,2026-08-19,1509000.0,0.038018245510374485,0.03875018523288065,0.7550984127060971,0.24490158729390288,-0.1325377138891635,0.24455396617460093,0.3000542067916484,0.6353902659889668,0.7030545754416818,1321687.6806436093,1927070.831131362,2037047.359441228,2848627.917146979,3048049.1262402176,1321687.6806436093,3048049.1262402176,1172488.7885176279,3437326.459125276,0.3260080638954848,-0.1315698136273845,39.0,사용 주의,historical_mean_return,고급 모델이 기준선 historical_mean_return의 walk-forward RMSE를 개선하지 못해 기준 모델 선택,platt,PROXY_OPT_IN,False,4,2026-08-19,3652,252,현재 수량을 예측 시점까지 그대로 보유,
000660.KS,SK하이닉스,15,60,2026-08-19,1509000.0,0.07812013945612806,0.08125255196080183,0.5619083870373276,0.4380916129626724,0.23807795792003192,0.40461464252463947,0.40461464252463947,0.7011348596646395,0.8226965561098717,1914631.4268385794,2261575.7895050724,2261575.7895050724,3042203.351151997,3435435.620730062,1914631.4268385794,3435435.620730062,1564718.0316064,3312767.9379252447,0.22809015801927712,-0.049259610296054857,39.0,사용 주의,historical_mean_return,고급 모델이 기준선 historical_mean_return의 walk-forward RMSE를 개선하지 못해 기준 모델 선택,platt,PROXY_OPT_IN,False,4,2026-08-19,3622,252,현재 수량을 예측 시점까지 그대로 보유,
005930.KS,삼성전자,1,10,2026-08-19,248500.0,0.05483814865380304,0.05636962599244488,0.8235685715808143,0.1764314284191857,0.018917190535889302,0.08109821256097736,0.09241604396835192,0.1554919427704295,0.22554511344059283,253245.66767506907,269492.63405891444,272560.03165847936,290305.7820429574,311371.88171796105,253245.66767506907,311371.88171796105,239676.03752607267,311447.8967841951,0.08061631246843205,-0.019078064596910527,39.0,사용 주의,historical_mean_return,고급 모델이 기준선 historical_mean_return의 walk-forward RMSE를 개선하지 못해 기준 모델 선택,platt,PROXY_OPT_IN,False,4,2026-08-19,233,46,현재 수량을 예측 시점까지 그대로 보유,
005930.KS,삼성전자,1,30,2026-08-19,248500.0,0.37703268807417045,0.45795196623432544,0.9895246663254801,0.010475333674519915,0.22389011147095955,0.22389011147095955,0.3753156589569344,0.4033278137040833,0.4515187882119806,310856.9868339791,310856.9868339791,361679.5158942727,371954.1742707638,390317.93842930364,310856.9868339791,390317.93842930364,313189.3855411569,420543.8809559497,0.08880980011299401,-0.003907036787105134,39.0,사용 주의,hist_quantile_median,분리된 walk-forward RMSE 최저이며 기준선 대비 32.92% 개선,platt,PROXY_OPT_IN,False,2,2026-08-19,213,42,현재 수량을 예측 시점까지 그대로 보유,
005930.KS,삼성전자,1,60,2026-08-19,248500.0,0.4597449841140289,0.5836700724679991,0.999,0.0010000000000000009,0.44301057544704164,0.4562700409676382,0.4593207074206914,0.5199990738625957,0.5723049697381617,387011.1178778722,392176.85019268363,393375.0777202094,417983.48383985524,440428.36726531544,387011.1178778722,440428.36726531544,362992.1995004171,427738.76408164075,0.05044447596463897,0.0,39.0,사용 주의,hist_quantile_median,분리된 walk-forward RMSE 최저이며 기준선 대비 5.61% 개선,empirical_residual,PROXY_OPT_IN,False,2,2026-08-19,183,40,현재 수량을 예측 시점까지 그대로 보유,
005930.KS,삼성전자,3,10,2026-08-19,248500.0,-0.07748730747825933,-0.07456122952619304,0.7308902920845427,0.2691097079154573,-0.1538562365567996,-0.08746132782248286,-0.06809585998946222,0.007023202358379329,0.13396253240824338,213062.7256507274,227689.1946719415,232141.4735381064,250251.40883632377,284122.4700975453,213062.7256507274,284122.4700975453,193363.11310855803,279540.87027056795,0.11229308937043561,-0.18219670807718602,39.0,사용 주의,hist_quantile_median,분리된 walk-forward RMSE 최저이며 기준선 대비 3.43% 개선,platt,PROXY_OPT_IN,False,2,2026-08-19,717,143,현재 수량을 예측 시점까지 그대로 보유,
005930.KS,삼성전자,3,30,2026-08-19,248500.0,0.058167890003678786,0.059892926200773244,0.9665595606196112,0.033440439380388765,-0.12971045617383412,-0.11907670535125318,-0.002144279864463236,0.18332419222893684,0.18851496841263604,218269.9041384264,220603.31638547397,247967.71733912698,298499.1358237405,300052.6063997852,218269.9041384264,300052.6063997852,202649.02340048098,304494.48650590656,0.12415630909523294,-0.14611561677949358,39.0,사용 주의,historical_mean_return,고급 모델이 기준선 historical_mean_return의 walk-forward RMSE를 개선하지 못해 기준 모델 선택,platt,PROXY_OPT_IN,False,4,2026-08-19,697,139,현재 수량을 예측 시점까지 그대로 보유,
005930.KS,삼성전자,3,60,2026-08-19,248500.0,-0.04953594390367471,-0.04832904924729142,0.999,0.0010000000000000009,-0.06712186807736338,0.0023155575428557102,0.0023155575428557102,0.14314925348016297,0.4243062587027366,232367.6876032468,249076.0827683958,249076.0827683958,286744.65015726845,379839.61743222614,232367.6876032468,379839.61743222614,183156.38463961688,342956.1443991309,0.19173170241154736,-0.20720024475727672,39.0,사용 주의,hist_gradient_boosting+hist_quantile_median,분리된 walk-forward RMSE 최저이며 기준선 대비 10.98% 개선; hist_quantile_median도 2% 이상 개선하고 잔차상관 0.72<0.80이라 검증 RMSE 역수 가중 앙상블,empirical_residual,PROXY_OPT_IN,False,1,2026-08-19,667,133,현재 수량을 예측 시점까지 그대로 보유,
005930.KS,삼성전자,5,10,2026-08-19,248500.0,0.0,0.0,0.5524082720164203,0.4475917279835797,-0.145921515030102,-0.06319497425001541,-0.008464444577006291,0.020229368580064352,0.14544078626434973,214760.0440155417,233281.96480123012,246405.4625761475,253578.18919598262,287402.4883648379,214760.0440155417,287402.4883648379,205218.31327829536,296452.6047760392,0.1136756058546252,-0.13186450123239635,39.0,사용 주의,last_value_zero_return,고급 모델이 기준선 last_value_zero_return의 walk-forward RMSE를 개선하지 못해 기준 모델 선택,platt,PROXY_OPT_IN,False,4,2026-08-19,1209,241,현재 수량을 예측 시점까지 그대로 보유,
005930.KS,삼성전자,5,30,2026-08-19,248500.0,0.0,0.0,0.5873128250574331,0.4126871749425669,-0.17362449634349572,-0.09065696835178287,0.011427960741000241,0.16228415289627618,0.29832442790572417,208892.20412921588,226962.74321044792,251356.1370714841,292284.3116031272,334878.3305418725,208892.20412921588,334878.3305418725,184715.982174627,338743.0691401743,0.1841318511630327,-0.19947920060102498,39.0,사용 주의,last_value_zero_return,고급 모델이 기준선 last_value_zero_return의 walk-forward RMSE를 개선하지 못해 기준 모델 선택,platt,PROXY_OPT_IN,False,4,2026-08-19,1189,237,현재 수량을 예측 시점까지 그대로 보유,
005930.KS,삼성전자,5,60,2026-08-19,248500.0,0.0,0.0,0.6317769491543868,0.36822305084561324,-0.13031678297037108,0.09207884147217513,0.09207884147217513,0.3421811085977162,0.40818008884477264,218137.60136008283,272468.13922949496,272468.13922949496,349891.7966069546,373763.38410625304,218137.60136008283,373763.38410625304,194956.09428723002,389539.10996484885,0.2100956708621816,-0.15586396257367008,39.0,사용 주의,last_value_zero_return,고급 모델이 기준선 last_value_zero_return의 walk-forward RMSE를 개선하지 못해 기준 모델 선택,platt,PROXY_OPT_IN,False,4,2026-08-19,1159,231,현재 수량을 예측 시점까지 그대로 보유,
005930.KS,삼성전자,10,10,2026-08-19,248500.0,0.0,0.0,0.5079362708259123,0.4920637291740877,-0.14712398043689534,-0.06150635742150929,0.009250506144080118,0.049734163329669324,0.12746167008126866,214501.95769288685,233676.22143328944,250809.41594158695,261171.4292771001,282281.4197266871,214501.95769288685,282281.4197266871,211242.22896800496,299862.4065961431,0.10713016077565232,-0.11235497848231257,39.0,사용 주의,last_value_zero_return,고급 모델이 기준선 last_value_zero_return의 walk-forward RMSE를 개선하지 못해 기준 모델 선택,platt,PROXY_OPT_IN,False,4,2026-08-19,2436,252,현재 수량을 예측 시점까지 그대로 보유,
005930.KS,삼성전자,10,30,2026-08-19,248500.0,0.028682952537382567,0.029098269752442674,0.5362094589918036,0.4637905410081964,-0.28147375327553004,-0.09378950989700786,0.0286602817630702,0.0286602817630702,0.05860355623130334,187535.67467789396,226252.88539814236,255725.12248122698,255725.12248122698,263498.16440915474,187535.67467789396,263498.16440915474,205776.364655979,317634.4839734986,0.13268186729666093,-0.1296326062737282,39.0,사용 주의,historical_mean_return,고급 모델이 기준선 historical_mean_return의 walk-forward RMSE를 개선하지 못해 기준 모델 선택,platt,PROXY_OPT_IN,False,4,2026-08-19,2416,252,현재 수량을 예측 시점까지 그대로 보유,
005930.KS,삼성전자,10,60,2026-08-19,248500.0,0.06125028713092037,0.06316497740159588,0.4387191765335356,0.5612808234664644,-0.11407148108416058,-0.09205907935390349,0.010217839984421367,0.010217839984421367,0.15437926322809256,221710.25338106448,226644.73924165015,251052.1497604942,251052.1497604942,289982.9443789957,221710.25338106448,289982.9443789957,212163.35244622268,300485.4030199875,0.10473661440153363,-0.11228461901602849,39.0,사용 주의,historical_mean_return,고급 모델이 기준선 historical_mean_return의 walk-forward RMSE를 개선하지 못해 기준 모델 선택,platt,PROXY_OPT_IN,False,4,2026-08-19,2386,252,현재 수량을 예측 시점까지 그대로 보유,
005930.KS,삼성전자,15,10,2026-08-19,248500.0,0.008563524383108752,0.008600296248678863,0.552185342115089,0.44781465788491104,-0.15133101329699475,-0.04751577495823259,-0.0030645596968230755,0.05755659072775338,0.18261944739996738,213601.43649764973,236968.46437634478,247739.62262136585,263222.43528539647,298288.84421098395,213601.43649764973,298288.84421098395,200893.95510052473,307171.18218682124,0.1302914645323103,-0.14316416782455088,39.0,사용 주의,historical_mean_return,고급 모델이 기준선 historical_mean_return의 walk-forward RMSE를 개선하지 못해 기준 모델 선택,platt,PROXY_OPT_IN,False,4,2026-08-19,3672,252,현재 수량을 예측 시점까지 그대로 보유,
005930.KS,삼성전자,15,30,2026-08-19,248500.0,0.0,0.0,0.5683113752732561,0.43168862472674385,-0.3183336466283242,-0.12370933882224087,-0.01815905470653495,0.020092300335895295,0.1655445901873358,180748.97657280683,219583.705643115,244028.19962043574,253543.43406079704,293238.84151914646,180748.97657280683,293238.84151914646,178564.7765326816,330921.420856116,0.188786097190726,-0.22230004990226016,39.0,사용 주의,last_value_zero_return,고급 모델이 기준선 last_value_zero_return의 walk-forward RMSE를 개선하지 못해 기준 모델 선택,platt,PROXY_OPT_IN,False,4,2026-08-19,3652,252,현재 수량을 예측 시점까지 그대로 보유,
005930.KS,삼성전자,15,60,2026-08-19,248500.0,0.05188212096959125,0.053251578920466835,0.714351061244435,0.28564893875556496,-0.13900342385445685,-0.04936433503907804,0.0012588929652566049,0.0012588929652566049,0.10053925662113326,216250.92465891578,236530.81856459402,248813.0318973516,248813.0318973516,274783.1118082484,216250.92465891578,274783.1118082484,214815.7315288553,291878.7721386394,0.09345807336819704,-0.10565089374931458,39.0,사용 주의,historical_mean_return,고급 모델이 기준선 historical_mean_return의 walk-forward RMSE를 개선하지 못해 기준 모델 선택,platt,PROXY_OPT_IN,False,4,2026-08-19,3622,252,현재 수량을 예측 시점까지 그대로 보유,
RAM,RAM,1,10,2026-08-18,12.069999694824219,-0.00637126494559523,-0.006351011473332169,0.4908,0.5092,-0.4729369952262955,-0.25382125774186026,-0.00637126494559523,0.2278913653733067,0.43223097194162136,7.521653654107814,9.364273455782225,11.993342988279274,15.159302580010504,18.596139060271664,7.521653654107814,18.596139060271664,6.633362113908433,21.072265914478074,0.3531531588365164,-0.3800468839651854,13.7,사용 주의,short_history_block_bootstrap_baseline,"정상 purged walk-forward 검증 불가로 과거 수익률 circular block bootstrap 기준선 사용; 검증 성능 없음, 추세 드리프트 3.8%만 반영. 원인: UserDataError: RAM/1년/10일: 학습 가능 행 29가 부족합니다 (필요 최소 140).",없음(검증 표본 부족),PROXY_OPT_IN;SHORT_HISTORY_FALLBACK,False,4,2026-08-18,38,0,현재 수량을 예측 시점까지 그대로 보유,38.0
RAM,RAM,1,30,2026-08-18,12.069999694824219,-0.01989005347981923,-0.01969355133537465,0.4875,0.5125,-0.76551972033194,-0.41017097625877663,-0.01989005347981923,0.3675515457926507,0.6931944668592498,5.613662112232632,8.008888869691374,11.832298536216241,17.431424020952495,24.14114090787366,5.613662112232632,24.14114090787366,4.545677676867955,30.04897660158709,0.5691203640999429,-0.5352160966237973,13.7,사용 주의,short_history_block_bootstrap_baseline,"정상 purged walk-forward 검증 불가로 과거 수익률 circular block bootstrap 기준선 사용; 검증 성능 없음, 추세 드리프트 3.8%만 반영. 원인: UserDataError: RAM/1년/30일: 학습 가능 행 9가 부족합니다 (필요 최소 140).",없음(검증 표본 부족),PROXY_OPT_IN;SHORT_HISTORY_FALLBACK,False,4,2026-08-18,38,0,현재 수량을 예측 시점까지 그대로 보유,38.0
RAM,RAM,1,60,2026-08-18,12.069999694824219,-0.0413371124929438,-0.04049438590931553,0.4768,0.5232,-0.8977853781171452,-0.49138814895127203,-0.0413371124929438,0.4266873700649444,0.846224213977848,4.918175516295238,7.384142982751601,11.581232469256687,18.493334685418652,28.133111386675253,4.918175516295238,28.133111386675253,3.8997985363883365,36.702092973129474,0.680428957750861,-0.5956645115798249,13.7,사용 주의,short_history_block_bootstrap_baseline,"정상 purged walk-forward 검증 불가로 과거 수익률 circular block bootstrap 기준선 사용; 검증 성능 없음, 추세 드리프트 3.8%만 반영. 원인: UserDataError: RAM/1년/60일: 학습 가능 행 0가 부족합니다 (필요 최소 180).",없음(검증 표본 부족),PROXY_OPT_IN;SHORT_HISTORY_FALLBACK,False,4,2026-08-18,38,0,현재 수량을 예측 시점까지 그대로 보유,38.0
RAM,RAM,3,10,2026-08-18,12.069999694824219,-0.00693442249972912,-0.006910434870837423,0.4936,0.5064,-0.46301118687548004,-0.2462382946501848,-0.00693442249972912,0.23654402260084226,0.4464684035240515,7.596683898665953,9.435552306673479,11.986590748042108,15.29103994626733,18.862794054627642,7.596683898665953,18.862794054627642,6.701934622122224,21.674772943349037,0.3548353475784818,-0.3753930116487435,13.7,사용 주의,short_history_block_bootstrap_baseline,"정상 purged walk-forward 검증 불가로 과거 수익률 circular block bootstrap 기준선 사용; 검증 성능 없음, 추세 드리프트 3.8%만 반영. 원인: UserDataError: RAM/3년/10일: 학습 가능 행 29가 부족합니다 (필요 최소 140).",없음(검증 표본 부족),PROXY_OPT_IN;SHORT_HISTORY_FALLBACK,False,4,2026-08-18,38,0,현재 수량을 예측 시점까지 그대로 보유,38.0
RAM,RAM,3,30,2026-08-18,12.069999694824219,-0.020400892835912024,-0.020194202563321273,0.4835,0.5165,-0.7513048936214755,-0.3980969089303666,-0.020400892835912024,0.37365196123348227,0.7204871930972182,5.694029195196024,8.106174870104292,11.826255676047712,17.53808796560109,24.80909210009872,5.694029195196024,24.80909210009872,4.56613335485222,30.422303943752585,0.5742227337115576,-0.5309232500300597,13.7,사용 주의,short_history_block_bootstrap_baseline,"정상 purged walk-forward 검증 불가로 과거 수익률 circular block bootstrap 기준선 사용; 검증 성능 없음, 추세 드리프트 3.8%만 반영. 원인: UserDataError: RAM/3년/30일: 학습 가능 행 9가 부족합니다 (필요 최소 140).",없음(검증 표본 부족),PROXY_OPT_IN;SHORT_HISTORY_FALLBACK,False,4,2026-08-18,38,0,현재 수량을 예측 시점까지 그대로 보유,38.0
RAM,RAM,3,60,2026-08-18,12.069999694824219,-0.04094656135265391,-0.040119576711302174,0.4783,0.5217,-0.9112397781150859,-0.5000142351354361,-0.04094656135265391,0.43285147358663495,0.8532307976911386,4.852447572172421,7.32072066544112,11.585756416162324,18.607681575854073,28.33092056074981,4.852447572172421,28.33092056074981,3.7945192882843903,37.10821058001818,0.6884118529621577,-0.5969733927844991,13.7,사용 주의,short_history_block_bootstrap_baseline,"정상 purged walk-forward 검증 불가로 과거 수익률 circular block bootstrap 기준선 사용; 검증 성능 없음, 추세 드리프트 3.8%만 반영. 원인: UserDataError: RAM/3년/60일: 학습 가능 행 0가 부족합니다 (필요 최소 180).",없음(검증 표본 부족),PROXY_OPT_IN;SHORT_HISTORY_FALLBACK,False,4,2026-08-18,38,0,현재 수량을 예측 시점까지 그대로 보유,38.0
RAM,RAM,5,10,2026-08-18,12.069999694824219,-0.006576437970694806,-0.00655486052931642,0.4926,0.5074000000000001,-0.466986031837908,-0.24704743818603275,-0.006576437970694806,0.23576385766561875,0.45450820084133264,7.566548190002215,9.427920678475068,11.990882530235755,15.279115065369965,19.01505836257661,7.566548190002215,19.01505836257661,6.609331807898215,21.582095767714296,0.3595228851706986,-0.37964169082237176,13.7,사용 주의,short_history_block_bootstrap_baseline,"정상 purged walk-forward 검증 불가로 과거 수익률 circular block bootstrap 기준선 사용; 검증 성능 없음, 추세 드리프트 3.8%만 반영. 원인: UserDataError: RAM/5년/10일: 학습 가능 행 29가 부족합니다 (필요 최소 140).",없음(검증 표본 부족),PROXY_OPT_IN;SHORT_HISTORY_FALLBACK,False,4,2026-08-18,38,0,현재 수량을 예측 시점까지 그대로 보유,38.0
RAM,RAM,5,30,2026-08-18,12.069999694824219,-0.019843278642532134,-0.019647696588330987,0.4849,0.5151,-0.7593552232349363,-0.41517166150907664,-0.019843278642532134,0.3611808275053939,0.6979194720304033,5.6483743979943215,7.968938909090644,11.832852002999065,17.32072631551579,24.255477832059263,5.6483743979943215,24.255477832059263,4.552660539189314,29.021853172211973,0.5685587433409536,-0.532092700677397,13.7,사용 주의,short_history_block_bootstrap_baseline,"정상 purged walk-forward 검증 불가로 과거 수익률 circular block bootstrap 기준선 사용; 검증 성능 없음, 추세 드리프트 3.8%만 반영. 원인: UserDataError: RAM/5년/30일: 학습 가능 행 9가 부족합니다 (필요 최소 140).",없음(검증 표본 부족),PROXY_OPT_IN;SHORT_HISTORY_FALLBACK,False,4,2026-08-18,38,0,현재 수량을 예측 시점까지 그대로 보유,38.0
RAM,RAM,5,60,2026-08-18,12.069999694824219,-0.04048755054147583,-0.03967888008505405,0.4763,0.5237,-0.9285653589842914,-0.5162722575173416,-0.04048755054147583,0.42176026413782614,0.8427199328990869,4.769100205016572,7.20266252143284,11.591075624306649,18.40244017380375,28.034697592265047,4.769100205016572,28.034697592265047,3.8341941122578183,37.05230410604545,0.6910706285668121,-0.5962838363812729,13.7,사용 주의,short_history_block_bootstrap_baseline,"정상 purged walk-forward 검증 불가로 과거 수익률 circular block bootstrap 기준선 사용; 검증 성능 없음, 추세 드리프트 3.8%만 반영. 원인: UserDataError: RAM/5년/60일: 학습 가능 행 0가 부족합니다 (필요 최소 180).",없음(검증 표본 부족),PROXY_OPT_IN;SHORT_HISTORY_FALLBACK,False,4,2026-08-18,38,0,현재 수량을 예측 시점까지 그대로 보유,38.0
RAM,RAM,10,10,2026-08-18,12.069999694824219,-0.006664736893461433,-0.006642576792276755,0.4934,0.5065999999999999,-0.47105286966308596,-0.25484688371746006,-0.006664736893461433,0.2338404963297121,0.4499566104059418,7.535838753092594,9.354674137180075,11.989823794968592,15.249756049255286,18.928706273555797,7.535838753092594,18.928706273555797,6.622850083849858,21.593220955303792,0.3593337579349143,-0.3815606517914799,13.7,사용 주의,short_history_block_bootstrap_baseline,"정상 purged walk-forward 검증 불가로 과거 수익률 circular block bootstrap 기준선 사용; 검증 성능 없음, 추세 드리프트 3.8%만 반영. 원인: UserDataError: RAM/10년/10일: 학습 가능 행 29가 부족합니다 (필요 최소 140).",없음(검증 표본 부족),PROXY_OPT_IN;SHORT_HISTORY_FALLBACK,False,4,2026-08-18,38,0,현재 수량을 예측 시점까지 그대로 보유,38.0
RAM,RAM,10,30,2026-08-18,12.069999694824219,-0.019913790800520328,-0.019716820907752175,0.4843,0.5157,-0.7585475656371691,-0.3999851102017356,-0.019913790800520328,0.3539306856741295,0.6859517464069992,5.652938193235762,8.09088322180678,11.832017672484746,17.195602723091906,23.966925032889474,5.652938193235762,23.966925032889474,4.5664017577689,29.384453105186036,0.5635744010933819,-0.535159451964304,13.7,사용 주의,short_history_block_bootstrap_baseline,"정상 purged walk-forward 검증 불가로 과거 수익률 circular block bootstrap 기준선 사용; 검증 성능 없음, 추세 드리프트 3.8%만 반영. 원인: UserDataError: RAM/10년/30일: 학습 가능 행 9가 부족합니다 (필요 최소 140).",없음(검증 표본 부족),PROXY_OPT_IN;SHORT_HISTORY_FALLBACK,False,4,2026-08-18,38,0,현재 수량을 예측 시점까지 그대로 보유,38.0
RAM,RAM,10,60,2026-08-18,12.069999694824219,-0.04073108660738374,-0.03991272443668392,0.4757,0.5243,-0.8844136905824621,-0.49673555931903596,-0.04073108660738374,0.4292982002520715,0.8396290555644449,4.984381478784449,7.344762326114494,11.58825312305384,18.541680726064865,27.94817955808833,4.984381478784449,27.94817955808833,3.8777718560356265,35.744309555091576,0.6726388514122209,-0.5885232977078274,13.7,사용 주의,short_history_block_bootstrap_baseline,"정상 purged walk-forward 검증 불가로 과거 수익률 circular block bootstrap 기준선 사용; 검증 성능 없음, 추세 드리프트 3.8%만 반영. 원인: UserDataError: RAM/10년/60일: 학습 가능 행 0가 부족합니다 (필요 최소 180).",없음(검증 표본 부족),PROXY_OPT_IN;SHORT_HISTORY_FALLBACK,False,4,2026-08-18,38,0,현재 수량을 예측 시점까지 그대로 보유,38.0
RAM,RAM,15,10,2026-08-18,12.069999694824219,-0.006696976586958574,-0.006674601814892767,0.4941,0.5059,-0.46882090698251844,-0.25069638567652774,-0.006696976586958574,0.2374799409091368,0.45464070591080513,7.552677248412546,9.393581380224632,11.98943725295539,15.305357809636,19.01757812114267,7.552677248412546,19.01757812114267,6.59687101788774,21.718139818923294,0.3602904626396733,-0.37976050342893986,13.7,사용 주의,short_history_block_bootstrap_baseline,"정상 purged walk-forward 검증 불가로 과거 수익률 circular block bootstrap 기준선 사용; 검증 성능 없음, 추세 드리프트 3.8%만 반영. 원인: UserDataError: RAM/15년/10일: 학습 가능 행 29가 부족합니다 (필요 최소 140).",없음(검증 표본 부족),PROXY_OPT_IN;SHORT_HISTORY_FALLBACK,False,4,2026-08-18,38,0,현재 수량을 예측 시점까지 그대로 보유,38.0
RAM,RAM,15,30,2026-08-18,12.069999694824219,-0.020133537470122576,-0.019932211205107797,0.4853,0.5146999999999999,-0.7600829378629893,-0.41080248761018967,-0.020133537470122576,0.36530683811949327,0.7049538725177686,5.644265488558261,8.003832762120654,11.829417911661396,17.392339452824913,24.426702101129308,5.644265488558261,24.426702101129308,4.543788271925695,30.147609933714865,0.5715871486443798,-0.5345209332370559,13.7,사용 주의,short_history_block_bootstrap_baseline,"정상 purged walk-forward 검증 불가로 과거 수익률 circular block bootstrap 기준선 사용; 검증 성능 없음, 추세 드리프트 3.8%만 반영. 원인: UserDataError: RAM/15년/30일: 학습 가능 행 9가 부족합니다 (필요 최소 140).",없음(검증 표본 부족),PROXY_OPT_IN;SHORT_HISTORY_FALLBACK,False,4,2026-08-18,38,0,현재 수량을 예측 시점까지 그대로 보유,38.0
RAM,RAM,15,60,2026-08-18,12.069999694824219,-0.04019608605029399,-0.0393989397841199,0.4778,0.5222,-0.9211773888905136,-0.50948598928996,-0.04019608605029399,0.41871458582007626,0.8474415398148359,4.804464649579541,7.251707950748187,11.594454503653493,18.346477526143847,28.167379403480467,4.804464649579541,28.167379403480467,3.7543240804746514,37.0191771027833,0.690030341445437,-0.6028280146946846,13.7,사용 주의,short_history_block_bootstrap_baseline,"정상 purged walk-forward 검증 불가로 과거 수익률 circular block bootstrap 기준선 사용; 검증 성능 없음, 추세 드리프트 3.8%만 반영. 원인: UserDataError: RAM/15년/60일: 학습 가능 행 0가 부족합니다 (필요 최소 180).",없음(검증 표본 부족),PROXY_OPT_IN;SHORT_HISTORY_FALLBACK,False,4,2026-08-18,38,0,현재 수량을 예측 시점까지 그대로 보유,38.0
SNDK,SanDisk,1,10,2026-08-18,1625.780029296875,0.140493968222838,0.15084213792058798,0.9023273416003733,0.09767265839962669,-0.037293321072403886,0.012008987995938405,0.09141927986218172,0.29097235662106813,0.30384678681204985,1566.2659293732138,1645.421704420382,1781.4132295900338,2174.850823430207,2203.031806329797,1566.2659293732138,2203.031806329797,1417.6616085236458,2195.874296476912,0.133096520286909,-0.0762523092465025,39.0,사용 주의,historical_mean_return,고급 모델이 기준선 historical_mean_return의 walk-forward RMSE를 개선하지 못해 기준 모델 선택,platt,PROXY_OPT_IN,False,4,2026-08-18,242,48,현재 수량을 예측 시점까지 그대로 보유,
SNDK,SanDisk,1,30,2026-08-18,1625.780029296875,0.4106827183571741,0.5078468685227624,0.9549817412528468,0.04501825874715315,-0.0564958774143025,0.13206472138784983,0.4453691883295373,0.7397636190487128,0.9220419092474715,1536.4765510932118,1855.3111911586445,2537.9506051025855,3406.724722143918,4087.8927935436795,1536.4765510932118,4087.8927935436795,1333.6308565990057,4625.3064472683245,0.38177854601033573,-0.1292873198923099,39.0,사용 주의,historical_mean_return,고급 모델이 기준선 historical_mean_return의 walk-forward RMSE를 개선하지 못해 기준 모델 선택,platt,PROXY_OPT_IN,False,4,2026-08-18,222,44,현재 수량을 예측 시점까지 그대로 보유,
SNDK,SanDisk,1,60,2026-08-18,1625.780029296875,0.8585820568873318,1.3598122407949211,0.999,0.0010000000000000009,0.8549857950262181,1.136043505634461,1.136043505634461,1.288799203753461,1.4633822355266437,3822.763206702177,5063.364707533185,5063.364707533185,5899.02405246216,7024.260580009462,3822.763206702177,7024.260580009462,3420.2105829146362,7406.7803824622415,0.2373671324890798,-0.013833873567045463,39.0,사용 주의,historical_mean_return,고급 모델이 기준선 historical_mean_return의 walk-forward RMSE를 개선하지 못해 기준 모델 선택,empirical_residual,PROXY_OPT_IN,False,4,2026-08-18,192,40,현재 수량을 예측 시점까지 그대로 보유,
SNDK,SanDisk,3,10,2026-08-18,1625.780029296875,0.09339567313884306,0.09789605731675355,0.7333201456123195,0.2666798543876805,-0.16955800023643788,-0.09106978882404612,0.043793202339298155,0.1393957739371489,0.342554660957584,1372.2197970473771,1484.262372234221,1698.5601489576882,1868.9625532826587,2289.9783871511113,1372.2197970473771,2289.9783871511113,1199.9289145181278,2319.454999793725,0.19980181639292743,-0.19538830361960258,39.0,사용 주의,historical_mean_return,고급 모델이 기준선 historical_mean_return의 walk-forward RMSE를 개선하지 못해 기준 모델 선택,platt,PROXY_OPT_IN,False,4,2026-08-18,369,73,현재 수량을 예측 시점까지 그대로 보유,
SNDK,SanDisk,3,30,2026-08-18,1625.780029296875,0.6871228481202374,0.9879875549320338,0.9895254386584835,0.010474561341516475,0.1868729210016633,0.2463806926859648,0.6866394931207626,0.7205931428675096,0.9581184704328771,1959.83569302737,2080.0010766321698,3230.4686247075047,3342.0382037334307,4238.062422917463,1959.83569302737,4238.062422917463,1956.3919173261997,5233.3370525329,0.3009030499305231,-0.044067333324596336,39.0,사용 주의,hist_quantile_median,분리된 walk-forward RMSE 최저이며 기준선 대비 19.85% 개선,platt,PROXY_OPT_IN,False,2,2026-08-18,349,69,현재 수량을 예측 시점까지 그대로 보유,
SNDK,SanDisk,3,60,2026-08-18,1625.780029296875,0.6907548411924941,0.9952210399914596,0.999,0.0010000000000000009,0.9349079394061738,1.0384329949029487,1.0384329949029487,1.1913344391997753,1.269903855716985,4140.827545357948,4592.482435716773,4592.482435716773,5351.207079730374,5788.606414979791,4140.827545357948,5788.606414979791,3690.0303595198197,5663.510407144763,0.13069935120732085,-0.0012610796239461708,39.0,사용 주의,historical_mean_return,고급 모델이 기준선 historical_mean_return의 walk-forward RMSE를 개선하지 못해 기준 모델 선택,empirical_residual,PROXY_OPT_IN,False,4,2026-08-18,319,63,현재 수량을 예측 시점까지 그대로 보유,
SNDK,SanDisk,5,10,2026-08-18,1625.780029296875,0.09339567313884306,0.09789605731675355,0.7333201456123195,0.2666798543876805,-0.16955800023643788,-0.09106978882404612,0.043793202339298155,0.1393957739371489,0.342554660957584,1372.2197970473771,1484.262372234221,1698.5601489576882,1868.9625532826587,2289.9783871511113,1372.2197970473771,2289.9783871511113,1201.3011101968227,2314.117339027372,0.19980181639292743,-0.1901755597508259,39.0,사용 주의,historical_mean_return,고급 모델이 기준선 historical_mean_return의 walk-forward RMSE를 개선하지 못해 기준 모델 선택,platt,PROXY_OPT_IN,False,4,2026-08-18,369,73,현재 수량을 예측 시점까지 그대로 보유,
SNDK,SanDisk,5,30,2026-08-18,1625.780029296875,0.6871228481202374,0.9879875549320338,0.9895254386584835,0.010474561341516475,0.1868729210016633,0.2463806926859648,0.6866394931207626,0.7205931428675096,0.9581184704328771,1959.83569302737,2080.0010766321698,3230.4686247075047,3342.0382037334307,4238.062422917463,1959.83569302737,4238.062422917463,1926.641706323876,5172.45668173238,0.3009030499305231,-0.042906302361687576,39.0,사용 주의,hist_quantile_median,분리된 walk-forward RMSE 최저이며 기준선 대비 19.85% 개선,platt,PROXY_OPT_IN,False,2,2026-08-18,349,69,현재 수량을 예측 시점까지 그대로 보유,
SNDK,SanDisk,5,60,2026-08-18,1625.780029296875,0.6907548411924941,0.9952210399914596,0.999,0.0010000000000000009,0.9349079394061738,1.0384329949029487,1.0384329949029487,1.1913344391997753,1.269903855716985,4140.827545357948,4592.482435716773,4592.482435716773,5351.207079730374,5788.606414979791,4140.827545357948,5788.606414979791,3677.2181233734527,5645.710922666432,0.13069935120732087,-0.0011602276463400507,39.0,사용 주의,historical_mean_return,고급 모델이 기준선 historical_mean_return의 walk-forward RMSE를 개선하지 못해 기준 모델 선택,empirical_residual,PROXY_OPT_IN,False,4,2026-08-18,319,63,현재 수량을 예측 시점까지 그대로 보유,
SNDK,SanDisk,10,10,2026-08-18,1625.780029296875,0.09339567313884306,0.09789605731675355,0.7333201456123195,0.2666798543876805,-0.16955800023643788,-0.09106978882404612,0.043793202339298155,0.1393957739371489,0.342554660957584,1372.2197970473771,1484.262372234221,1698.5601489576882,1868.9625532826587,2289.9783871511113,1372.2197970473771,2289.9783871511113,1195.4411576692066,2308.6308616742986,0.19980181639292743,-0.19402979485234273,39.0,사용 주의,historical_mean_return,고급 모델이 기준선 historical_mean_return의 walk-forward RMSE를 개선하지 못해 기준 모델 선택,platt,PROXY_OPT_IN,False,4,2026-08-18,369,73,현재 수량을 예측 시점까지 그대로 보유,
SNDK,SanDisk,10,30,2026-08-18,1625.780029296875,0.6871228481202374,0.9879875549320338,0.9895254386584835,0.010474561341516475,0.1868729210016633,0.2463806926859648,0.6866394931207626,0.7205931428675096,0.9581184704328771,1959.83569302737,2080.0010766321698,3230.4686247075047,3342.0382037334307,4238.062422917463,1959.83569302737,4238.062422917463,1944.1935450037367,5198.645579356831,0.3009030499305231,-0.049576536731912424,39.0,사용 주의,hist_quantile_median,분리된 walk-forward RMSE 최저이며 기준선 대비 19.85% 개선,platt,PROXY_OPT_IN,False,2,2026-08-18,349,69,현재 수량을 예측 시점까지 그대로 보유,
SNDK,SanDisk,10,60,2026-08-18,1625.780029296875,0.6907548411924941,0.9952210399914596,0.999,0.0010000000000000009,0.9349079394061738,1.0384329949029487,1.0384329949029487,1.1913344391997753,1.269903855716985,4140.827545357948,4592.482435716773,4592.482435716773,5351.207079730374,5788.606414979791,4140.827545357948,5788.606414979791,3680.497740214971,5679.5601820242855,0.1306993512073209,-0.0010296989739682072,39.0,사용 주의,historical_mean_return,고급 모델이 기준선 historical_mean_return의 walk-forward RMSE를 개선하지 못해 기준 모델 선택,empirical_residual,PROXY_OPT_IN,False,4,2026-08-18,319,63,현재 수량을 예측 시점까지 그대로 보유,
SNDK,SanDisk,15,10,2026-08-18,1625.780029296875,0.09339567313884306,0.09789605731675355,0.7333201456123195,0.2666798543876805,-0.16955800023643788,-0.09106978882404612,0.043793202339298155,0.1393957739371489,0.342554660957584,1372.2197970473771,1484.262372234221,1698.5601489576882,1868.9625532826587,2289.9783871511113,1372.2197970473771,2289.9783871511113,1190.3759960378316,2306.712640388187,0.19980181639292743,-0.19711789580346206,39.0,사용 주의,historical_mean_return,고급 모델이 기준선 historical_mean_return의 walk-forward RMSE를 개선하지 못해 기준 모델 선택,platt,PROXY_OPT_IN,False,4,2026-08-18,369,73,현재 수량을 예측 시점까지 그대로 보유,
SNDK,SanDisk,15,30,2026-08-18,1625.780029296875,0.6871228481202374,0.9879875549320338,0.9895254386584835,0.010474561341516475,0.1868729210016633,0.2463806926859648,0.6866394931207626,0.7205931428675096,0.9581184704328771,1959.83569302737,2080.0010766321698,3230.4686247075047,3342.0382037334307,4238.062422917463,1959.83569302737,4238.062422917463,1923.6060471217313,5162.119881088992,0.30090304993052314,-0.05403349421245485,39.0,사용 주의,hist_quantile_median,분리된 walk-forward RMSE 최저이며 기준선 대비 19.85% 개선,platt,PROXY_OPT_IN,False,2,2026-08-18,349,69,현재 수량을 예측 시점까지 그대로 보유,
SNDK,SanDisk,15,60,2026-08-18,1625.780029296875,0.6907548411924941,0.9952210399914596,0.999,0.0010000000000000009,0.9349079394061738,1.0384329949029487,1.0384329949029487,1.1913344391997753,1.269903855716985,4140.827545357948,4592.482435716773,4592.482435716773,5351.207079730374,5788.606414979791,4140.827545357948,5788.606414979791,3695.0408739745835,5676.975212057465,0.13069935120732087,-0.0009186812888819507,39.0,사용 주의,historical_mean_return,고급 모델이 기준선 historical_mean_return의 walk-forward RMSE를 개선하지 못해 기준 모델 선택,empirical_residual,PROXY_OPT_IN,False,4,2026-08-18,319,63,현재 수량을 예측 시점까지 그대로 보유,
